TR:undefined:CellLine,TR:NaCl,TR:a,DA:ALL,DV:FUS3_T173-S177-T180-Y182,DV:GPA1_T189-S199-S200,DV:HOG1_T174-Y176,DV:HOG1_T174~Y176,DV:PBS2_S248,DV:PBS2_S269,DV:PBS2_S66-S68,DV:PTP2_Y257-S258,DV:SKO1_T215,DV:SLN1_S833,DV:SSK1_S110,DV:SSK1_S193~S195,DV:SSK1_S673,DV:SSK2_S53-S54~S57,DV:STE11_S323-S326,DV:STE20_S169-T170~T172,DV:STE20_S192,DV:STE20_S195-S196,DV:STE20_T203~T207-T217-T218,DV:STE20_T413-S418,DV:STE20_T511,DV:STE20_T546-S547,DV:STE20_T573-T575,DV:STE2_S331,DV:STE50_S202
1,1,1,0,6.11997631204e-05,0.000111135055476,0.000269100404175,0.0001,0.000147426021206,5.36844188274e-05,1.87646696158e-05,7.56147844105e-05,8.77774169969e-06,0.00053734679304,3.54918338288e-05,5.62263376226e-05,0.000172491589803,0.000122473209184,5.60179271819e-05,9.73861265137e-05,2.98159708051e-05,4.56515970445e-05,2.76438666524e-05,6.39515319119e-05,1.22376869423e-05,0.000119724425851,4.34686616633e-05,0.000287888939376,7.53003827174e-05
1,0,1,0,6.11997631204e-05,0.000111135055476,0.000269100404175,0.0001,0.000147426021206,5.36844188274e-05,1.87646696158e-05,7.56147844105e-05,8.77774169969e-06,0.00053734679304,3.54918338288e-05,5.62263376226e-05,0.000172491589803,0.000122473209184,5.60179271819e-05,9.73861265137e-05,2.98159708051e-05,4.56515970445e-05,2.76438666524e-05,6.39515319119e-05,1.22376869423e-05,0.000119724425851,4.34686616633e-05,0.000287888939376,7.53003827174e-05
1,1,0,0,6.11997631204e-05,0.000111135055476,0.000269100404175,0.0001,0.000147426021206,5.36844188274e-05,1.87646696158e-05,7.56147844105e-05,8.77774169969e-06,0.00053734679304,3.54918338288e-05,5.62263376226e-05,0.000172491589803,0.000122473209184,5.60179271819e-05,9.73861265137e-05,2.98159708051e-05,4.56515970445e-05,2.76438666524e-05,6.39515319119e-05,1.22376869423e-05,0.000119724425851,4.34686616633e-05,0.000287888939376,7.53003827174e-05
1,1,1,1,nan,0.000199405777365,0.000381785574892,0.000321851046729,0.000226002485803,5.03629052938e-05,1.43277757215e-05,5.93655600107e-05,5.24639590907e-05,0.000600761188064,nan,0.000107955580622,2.17695194463e-05,0.000589524836314,4.48494371336e-05,0.000267873780617,nan,0.000140983187003,0.000165459507173,nan,1.25231935108e-05,3.44890796608e-05,3.54833921279e-05,0.000339841268864,nan
1,0,1,1,nan,0.000213821646841,0.000221438068871,4.11054344345e-06,0.000226306805152,4.46837005291e-05,1.95147646745e-05,6.63033158115e-05,nan,0.000589082067867,nan,7.09303326445e-05,2.62077666918e-05,0.000231471458809,4.05798581497e-05,0.000190648313276,nan,6.72206097838e-05,0.000106284729701,nan,nan,4.18898411038e-05,4.62415462057e-05,0.000234304555524,4.55956290791e-05
1,1,0,1,5.03726138347e-05,0.000101233259362,0.000377392262262,0.00140365259663,0.000176606467907,4.59442477464e-05,1.85626875472e-05,6.55251474798e-05,7.70373720244e-05,0.000496485646576,3.38113266127e-05,6.08880592487e-05,0.000224088874725,0.000288760002043,4.38988998085e-05,0.000127579102916,3.52094108489e-05,6.40046330385e-05,4.9413458724e-05,6.56956472557e-05,1.25379404929e-05,0.000155080464548,3.68166473498e-05,0.000281041955345,7.44553829404e-05
1,1,1,5,0.000187212045128,0.000128093636811,0.000594103152945,0.00157874835719,0.000445014274166,8.33853712372e-05,9.57444160581e-06,7.85308185694e-05,0.00016483779262,0.000418701384038,5.21919276816e-05,nan,5.18004601862e-05,0.000161364341479,5.49372323915e-05,5.9166330885e-05,7.98954853781e-05,0.000231199423516,0.000313069717994,6.32758480544e-05,1.36398812863e-05,0.000224303471722,0.000288683120836,nan,0.000106410624792
1,0,1,5,0.000212781075844,7.34503048259e-05,0.000430132312845,6.5201338085e-05,0.000462993794272,4.13888927486e-05,1.3698134083e-05,0.000102989700607,1.60223336977e-05,0.000458578269351,5.91626403497e-05,nan,6.98492046484e-05,0.000113397462688,8.35337307575e-05,8.89142761767e-05,4.12114236574e-05,8.29989908098e-05,0.000266251407338,9.64787342311e-05,3.83705990558e-06,6.0539678787e-05,0.000233949284892,nan,0.000134191790158
1,1,0,5,7.57242610602e-05,0.0001804787991,0.00058612611805,0.001598598903,0.000497589584233,0.00012429732883,2.11427388545e-05,9.56005602252e-05,0.0001725626499,0.000579351595665,5.30095939127e-05,0.00013614136659,0.000222260080502,0.000355435101129,6.36125177737e-05,0.00013474535815,4.26122098027e-05,0.000175357860153,0.000162565393084,8.34157211985e-05,2.13672335641e-05,0.000311840903162,5.21225488783e-05,0.000573376804156,0.000107660760963
1,1,1,10,0.000193342181406,0.000574119563767,0.000876651311857,nan,0.000449754077176,9.62150297215e-05,nan,0.000155383137336,0.000130671491372,0.00046986819877,7.70056479621e-05,0.000174265357025,1.77254916352e-05,0.000307208855995,7.69944027064e-05,0.000126957771708,3.96919756699e-05,0.000222592040241,0.000430426024818,3.92540276822e-05,nan,0.000298697416794,7.52137954255e-05,6.3399243247e-05,0.000119988925951
1,0,1,10,0.000232157432363,0.000233389833148,0.000408258806273,nan,0.000485744347043,6.47966686219e-05,nan,0.000173889214973,1.43749361572e-05,0.000517652259337,8.57635732863e-05,4.86386393212e-05,3.94870175032e-05,0.000125812277849,0.000132936146432,0.000115440750823,4.01594900499e-05,7.4583870799e-05,0.00016532405817,5.19192454601e-05,nan,0.000201100116856,6.36963308362e-05,5.38012063866e-05,0.000106472434738
1,1,0,10,5.20922583296e-05,0.000182777381957,0.000712848255254,0.000539815292032,0.000352436497339,0.000108843492455,1.46794699733e-05,9.62030911188e-05,0.000141779938415,0.000538994482387,4.59025293374e-05,0.000148695098577,0.000201942690513,0.000290864348365,5.31253946244e-05,9.75961476645e-05,1.81683128588e-05,0.000128876612697,0.000137655660199,5.97033250994e-05,2.42733957555e-05,0.000335623947914,7.16995706282e-05,0.000433703984888,0.000124684507396
1,1,1,20,0.000180404498568,nan,0.000542476931752,0.00018227728565,0.000588244251286,4.07562622463e-05,9.00829071026e-05,7.90393491035e-05,8.06102330897e-05,0.000401285974598,nan,7.59727462215e-05,3.56502311212e-05,0.000200478297344,7.01994622139e-05,7.66838018281e-05,3.28311689008e-05,8.42510476629e-05,6.60201228103e-05,5.18716452052e-05,0.000123932530318,4.2955599831e-05,0.000230618525557,3.28321998477e-05,0.000125481391032
1,0,1,20,0.000527992479873,7.12360486828e-05,0.000313065816652,5.60235185098e-05,0.000355361831378,3.12455112838e-05,8.01425127334e-05,7.72004082077e-05,1.09685772546e-05,0.000479136482034,nan,2.98262189014e-05,2.81149223713e-05,0.000121926637942,0.000184836519234,7.76828028662e-05,3.69109695177e-05,5.98799947127e-05,0.000152859625126,5.76207461944e-05,0.000155495281124,2.45501668096e-05,0.000187053182798,5.93597453937e-05,9.21315273025e-05
1,1,0,20,4.218538352e-05,0.000126535577053,0.000385002580736,0.000146898014902,0.000189213430333,7.45889375899e-05,1.98515847868e-05,7.3412305456e-05,5.93634478348e-05,0.000454159912088,3.3665333117e-05,0.000135253223165,0.000166110018831,0.000224769978396,3.75702988851e-05,0.000101061325143,1.68033690867e-05,5.54138884823e-05,7.42087372054e-05,5.21663700712e-05,2.19249686177e-05,0.000143226834091,5.03008550246e-05,0.000310113037877,9.24721122478e-05
1,1,1,45,0.000432085238658,nan,0.000372851253669,6.93248042449e-05,0.000304446683404,4.45413439566e-05,nan,0.000107054932352,1.46060986988e-05,0.000611731172472,7.87334085457e-05,5.04895212701e-05,5.02802394742e-05,0.000133291817385,0.00020948194832,9.61206690008e-05,2.45619828446e-05,0.000100223829396,0.00010597647772,nan,7.68455267126e-05,nan,0.000153373480153,9.39500097239e-05,nan
1,0,1,45,0.000608845758261,nan,0.000244231185368,6.26603330567e-05,0.000313942039587,3.6464602347e-05,nan,7.14978139424e-05,9.32644763077e-06,0.000483493821941,5.70066429824e-05,2.20975829296e-05,5.61579055683e-05,0.000146954971267,0.000198972828098,0.00011598865803,1.78517331878e-05,7.83904604993e-05,0.000125052620743,nan,6.48146418381e-05,nan,0.000123620813457,9.30345613557e-05,nan
1,1,0,45,1.72411252902e-05,0.000106321388365,0.000279563324521,9.62932061317e-05,0.000139533250836,4.07453884738e-05,1.89193703194e-05,7.43029643264e-05,1.63870038314e-05,0.000489273294451,4.39019492179e-05,7.37214342169e-05,0.000126043344069,0.00016301352244,4.29433536026e-05,9.0886953661e-05,2.61308589593e-05,3.90954383246e-05,2.65091251717e-05,6.36404868925e-05,1.25777310494e-05,0.000100470358377,3.95975967739e-05,0.000273930348615,9.86800244031e-05
