Protein, Psite, Sequence, t0, t1, t5, t10, t20, t45
'DIG1','S126+S127','DGNLAS(Phospho)SNSAHFPPVANQNVK',0.00028876,0.0003,0.00027013,0.00035849,0.00036712,0.00031307
'DIG1','S142','S(Phospho)APAQVTQHSK',0.0011441,0.0013638,0.0012374,0.001091,0.0014252,0.001707
'DIG1','S272','VNDSYDS(Phospho)PLSGTASTGK',0.0001779,0.000208,0.000122,0.00021177,0.00020337,0.0002206
'DIG1','S272^S275','VNDSYDS(Phospho)PLS(Phospho)GTASTGK',6.40E-05,6.61E-05,7.44E-05,6.63E-05,6.18E-05,5.05E-05
'DIG1','S272^T277^S279','VNDSYDS(Phospho)PLSGT(Phospho)AS(Phospho)TGK',5.95E-05,6.61E-05,6.88E-05,5.13E-05,8.11E-05,7.27E-05
'DIG1','S330','DALLS(Phospho)ANTK',0.00055804,0.00065217,0.00054046,0.00044983,0.00067188,0.000794
'DIG1','S395','TSQPQQQS(Phospho)PSLLQGEIR',0.00066214,0.00081185,0.00062919,0.00061062,0.00066147,0.0004821
'DIG2','S225','LAGRS(Phospho)PHLEDLTSR',0.00017619,0.0002275,0.0001833,0.00016644,0.00018302,0.00016483
'DIG2','S84','EEDHSGKPPTITTS(Phospho)PAEK',6.08E-05,6.66E-05,7.11E-05,8.10E-05,9.02E-05,6.57E-05
'DIG2','T83','LSQKEEDHSGKPPTITT(Phospho)SPAEK',0.00028058,0.00034753,0.00029007,0.00026343,0.00030369,0.00025573
'FAR1','S114','TGQLSALQS(Phospho)PVNITSSNK',0.00022453,0.00024699,0.00014365,0.00011471,0.00011204,0.00013422
'FPS1','T168','NADDAHT(Phospho)IPESHLSR',1.82E-05,7.86E-05,5.03E-05,4.52E-05,6.37E-05,5.83E-05
'FUS3','T180','IIDESAADNSEPTGQQSGMT(Phospho)EYVATR',0.00060885,0.00069816,0.00077205,0.00070855,0.00055367,0.00043208
'FUS3','Y182^S177+T180','IIDESAADNSEPTGQQS(Phospho)GMTEY(Phospho)VATR',0.00019303,0.0002781,0.00017678,0.00014441,0.00015383,0.00019075
'GPA1','S199','SDTDRDAETVTQNEDADRNNS(Phospho)SR',8.19E-05,8.80E-05,0.00011266,0.00014343,9.69E-05,7.46E-05
'GPD1','S23+S24','RSS(Phospho)SSVSLK',0.00034201,0.0002871,8.06E-05,0.0001764,0.00065412,0.00067105
'GPD1','S24+S25+S27','SSS(Phospho)SVSLK',0.0040384,0.003904,0.0014906,0.0020545,0.0068233,0.0062524
'GPD1','S24^S27','SSS(Phospho)SVS(Phospho)LK',0.0024014,0.0018978,0.00050213,0.00040976,0.0025488,0.0037542
'HOG1','T174+Y176','IQDPQMT(Phospho)GYVSTR',0.00024423,0.00044012,0.00041747,0.00056042,0.00043482,0.00037285
'HOG1','T174^Y176','IQDPQMT(Phospho)GY(Phospho)VSTR',6.27E-05,0.0012688,0.0012652,0.00073979,0.00016404,6.93E-05
'HOT1','S153','MLSQSLTNDS(Phospho)PSNEISTDQLK',0.0015803,0.00013708,0.0013539,0.0010252,8.20E-05,8.94E-05
'PBS2','S248','TAQQPQQFAPS(Phospho)PSNKK',0.00031394,0.00040615,0.00027621,0.00030412,0.00031847,0.00030445
'PBS2','S269','S(Phospho)NPGSLINGVQSTSTSSSTEGPHDTVGTTPR',3.65E-05,4.01E-05,7.85E-05,0.00010344,7.44E-05,4.45E-05
'PBS2','S68','SAS(Phospho)VGSNQSEQDKGSSQSPK',1.36E-05,1.76E-05,1.52E-05,1.34E-05,1.73E-05,1.61E-05
'PTP2','S258','DLIHYS(Phospho)PNSLQK',7.15E-05,8.73E-05,7.54E-05,7.85E-05,8.57E-05,0.00010706
'RCK2','S32+S33','TRS(Phospho)SGTNNKDVSQITSSPK',1.89E-05,4.21E-05,7.20E-05,7.17E-05,4.42E-05,3.00E-05
'RCK2','S33+S46+T35+T44','SS(Phospho)GTNNKDVSQITSSPK',0.00013855,0.00018054,0.00025415,0.00024391,0.00018561,0.0001219
'RCK2','S46+T44','DVSQIT(Phospho)SSPK',0.0002132,0.00020406,9.80E-05,0.0001074,0.00027712,0.00021893
'RCK2','S515+S520','DS(Phospho)SLLFSPAAVAMR',0,2.16E-05,7.97E-05,5.95E-05,2.97E-05,1.41E-05
'RCK2','S187','NSS(Phospho)NEFLTK',0.00036951,0.00052248,0.00058321,0.00055892,0.00070916,0.00084353
'RCK2','S45','DVSQITS(Phospho)SPKK',0.00021532,0.0001972,9.27E-05,0.00011601,0.00029996,0.00024687
'RCK2','S46^S45+S50','DVSQITS(Phospho)S(Phospho)PKKSFQDK',9.14E-06,2.62E-05,6.43E-05,8.79E-05,6.21E-05,2.62E-05
'SIC1','S191','NWNNNS(Phospho)PK',0.00023037,0.00027638,0.00027233,0.00028,0.00036973,0.0003585
'SIC1','S201','SQES(Phospho)EDEEDIIINPVR',0.00049253,0.00059439,0.0004137,0.00048539,0.00044648,0.00041377
'SIC1','T173','IIKDVPGT(Phospho)PSDK',0.00010844,0.00015918,0.00015047,0.00013212,0.00016105,0.00016486
'SKO1','S94^S108^T113','KDS(Phospho)PSFLPGQQRPTIIS(Phospho)PPILT(Phospho)PGGSK',0.00032412,0.0015983,0.0002665,0.0017965,0.0012049,0.00092666
'SKO1','T215','SGLT(Phospho)PNESNIR',9.33E-06,6.76E-05,0.00012124,0.00010138,4.37E-05,1.46E-05
'SLN1','S833','APGS(Phospho)DDEEGGNLGRPIENPK',0.00048349,0.00051874,0.00047835,0.00047094,0.00056777,0.00061173
'SSK1','S110','SSVS(Phospho)PTAGSFGLSK',5.70E-05,5.50E-05,5.51E-05,6.93E-05,7.75E-05,7.87E-05
'SSK1','S193^S195','FAS(Phospho)VS(Phospho)PYPK',2.21E-05,2.23E-05,6.71E-05,9.25E-05,9.51E-05,5.05E-05
'SSK1','S351','GKDGNSS(Phospho)PQEFK',8.52E-05,9.99E-05,9.11E-05,9.87E-05,0.0001235,0.00011935
'SSK1','S673','S(Phospho)PQKPIAPSNPHSFK',4.13E-05,4.09E-05,3.18E-05,3.86E-05,5.21E-05,4.43E-05
'SSK2','S57^S53+S54','VAS(Phospho)SPIS(Phospho)PGLHSTQYFR',0.00014695,0.00029146,0.00023847,0.00027095,0.00022844,0.00013329
'STE11','S326','RPLSAES(Phospho)NNIGDILLK',0.00019897,0.00016662,0.00018896,0.00016795,0.00018571,0.00020948
'STE12','S400','LVS(Phospho)PSDPTSYMK',8.67E-05,8.48E-05,0.00014408,0.00017666,0.00012138,0.00015289
'STE2','S331','FYPGTLSSFQTDS(Phospho)INNDAK',9.30E-05,9.10E-05,6.32E-05,7.30E-05,7.12E-05,9.40E-05
'STE20','S547+T546','SKT(Phospho)SPIISTAHTPQQVAQSPK',0.0038965,0.00014782,0.0002292,0.0019822,0.0068888,0.0013342
'STE20','S192','HQQPVASSTVNS(Phospho)NKSSTDIRR',1.79E-05,3.85E-05,3.50E-05,2.98E-05,2.09E-05,2.46E-05
'STE20','S195','HQQPVASSTVNSNKS(Phospho)STDIR',7.84E-05,0.00015744,0.0002233,0.00014948,8.88E-05,0.00010022
'STE20','S196^T197','HQQPVASSTVNSNKSS(Phospho)T(Phospho)DIR',3.93E-05,3.99E-05,5.68E-05,6.34E-05,7.05E-05,3.60E-05
'STE20','S418','TFNTTTGLPGS(Phospho)PQVSTPPANSFNK',0.00029639,9.18E-05,0.00035796,2.22E-05,0.00081601,0.00061293
'STE20','T170^T172','LSLTDST(Phospho)ET(Phospho)IENNATVK',0.00011599,0.00013802,8.62E-05,8.59E-05,0.00011827,9.61E-05
'STE20','T203^T207','RAT(Phospho)PVST(Phospho)PVISKPSMTTTPR',0.00012506,0.00029331,0.00026785,0.00016283,0.00011603,0.00010598
'STE20','T511','QTHAPT(Phospho)TPNR',6.48E-05,0.00012357,0.00012694,6.95E-05,8.60E-05,7.68E-05
'STE20','T573','APAQETVTT(Phospho)PTSKPAQAR',0.00012362,0.00019727,0.00021871,0.00018089,0.00017593,0.00015338
'STE50','S202','RES(Phospho)PVTVFR',0.00027578,0.00010499,0.00063424,0.00014749,0.00068158,0.0001889
'TEC1','S86','SDDLKS(Phospho)PSAK',1.49E-05,1.92E-05,1.20E-05,8.99E-06,6.46E-06,1.45E-05
