Sequence_Phospho,Phosphosites,Standard name,a0_t0,a0_t0,a0_t0,a0_t1,a0_t1,a0_t1,a0_t5,a0_t5,a0_t5,a0_t10,a0_t10,a0_t10,a0_t20,a0_t20,a0_t20,a0_t45,a0_t45,a0_t45
ADDEEDLS(Phospho)DENIQPELR,S720,ABF1,404529931,367180893.6,373277976.2,341509179,377589947,368308452.1,400510723.7,324968014.9,398308213.7,357521366.9,331128270,344069646.9,354218614.9,367970055.4,354893320.9,397990733.6,357833357.1,0
NDT(Phospho)EDDSINK,T189,ABF1,7389949.916,6259952.892,6395312.694,6467691.965,6093530.941,6336246.833,0,5361446.848,6081166.649,8371302.191,4414056.386,6811031.605,5269642.517,5313308.963,5717059.393,8593775.4,5910350.219,6641505.669
SNS(Phospho)IDYAK,S467,ABF1,38391103.65,38329608.3,37342549.94,40937001.04,40919198.2,37627273.99,38339371.59,36593262.44,37586370.65,92154444.66,82940475.99,101287418.4,139533117.1,130772364.9,143856910.7,69127346.61,75102063.81,74361927.64
AST(Phospho)PPVK,T157,ABP1,19985168.27,15000138.54,17852722.06,14633362.25,11171242.94,12003797.66,0,8782335.533,14034567.37,16678890.25,21950757.43,0,23158714.36,21821445.62,19739093.69,31827080.78,27290742.42,25284276.11
DFDQAPLKPNQSSY(Phospho)KPIGK,Y225,ABP1,8507462.211,0,6987455.645,15472256.61,17556426.06,0,23955261.56,16210976.05,0,0,0,21029849.38,0,0,12965957.16,0,0,0
EEPEQEEIAPSLPS(Phospho)RNSIPAPK,S478,ABP1,23872641.11,21184771.05,0,31343698.82,28294977.14,32039621.86,112772829.6,76846795.2,117209538.4,129142600.6,136344005.4,146577507.5,92804460.88,79077663.98,79720348.48,45083362.38,41125589.16,44208183.2
EPVKTPS(Phospho)PAPAAK,S183,ABP1,42114759.66,33272076.46,36439442.51,28945058.37,24093533.52,0,31589201.83,22204562.44,27261390.51,36897485.78,48503664.29,35813887.76,43585988.27,40134410.28,34666352.25,48316390.84,45152232.71,51447971.02
KEPVKT(Phospho)PS(Phospho)PAPAAK,T181 S183,ABP1,1600606209,1800788061,1742924478,1095443801,1036662186,1202765327,1295867467,582382461.9,1112218176,1443551965,280257756.3,1443989701,1281308359,2024765926,1528616323,2478219949,2574729875,2642491661
KEPVKTPS(Phospho)PAPAAK,S183,ABP1,729790430.5,616064872.9,659525691,499944329.5,437893804.3,455286591.6,547428654.6,387351176.7,479582580.2,637675569.7,769139815.2,696549488,814117824.5,750141541,678651553,805818505.5,809611286.6,889654047.5
KSFTPSKS(Phospho)PAPVSK,S169,ABP1,22763035.26,23056152.33,23269839.2,17932869.45,16120501.75,16295549.04,22611187.81,13987687.56,20992272.42,26303295.44,27895358.58,34215104.64,26748518.64,26888041.15,26653373.67,28982526.03,26311043.45,32909320.05
NEKS(Phospho)PAQLWAER,S313,ABP1,36338855.23,63099791.16,70143997.37,51192097.7,62100960.86,52769863.84,83603077.76,31254849.21,27629552.31,109224931.8,142208055.2,113743104.6,80371946.99,156889419,71213903.26,207639479.9,74063328.95,164965295.7
NS(Phospho)IPAPK,S481,ABP1,0,0,3471551.102,5495747.737,0,5463879.243,17895204.69,12044707.41,20625585.12,27163296.23,22427487.32,29238355.25,19449518.19,15433898.92,16156141.84,9086600.338,8616931.456,10102404.44
NVAS(Phospho)GAPVQKEEPEQEEIAPSLPSR,S458,ABP1,15251947.22,12802884.18,13653133.79,13132277.58,14156228.21,10570982.78,25378967.48,24477724.16,22406907.64,30757543.63,39676348.28,33470812.13,30117628.8,31092116.05,31638122.01,17984823.58,16648187.29,19911246.88
NVASGAPVQKEEPEQEEIAPSLPSRNS(Phospho)IPAPK,S481,ABP1,206762767.9,169474936.3,190939350.4,208647530.5,185559109.2,202024900.7,713134794.1,569777385,648634737,813190157.9,1001378096,760566460.8,648199267.3,557785312.5,555310239.1,305969644.8,292929496.2,281542845.7
SFT(Phospho)PSKS(Phospho)PAPVSK,T165 S169,ABP1,29467786.32,36448530.92,35501403.82,24120857.98,24779267.15,29707631.28,40114045.3,18013283.04,32367688.68,60039719.94,33558069.14,49163757.12,47801053.09,76457973.8,69141014.99,0,65000165.31,0
SFT(Phospho)PSKSPAPVSK,T165,ABP1,14512209.99,15993145.04,15525231.66,14154209.98,13583489.41,12401714.19,20781260.12,16313673.39,18771459.63,22928966.84,27840948.25,27194681.48,30906507.97,26771152.81,27470999.05,19370450.45,21935230.64,26418185.7
SFTPSKS(Phospho)PAPVSK,S169,ABP1,532744892.4,508242199.2,529689375.1,425964715.6,385318233.5,414261415.4,542892552.3,327994860.6,503320031,569960747,600741153.7,647628022.5,592411264.8,584247051.4,597487104.3,670027418.1,594889834.7,627914316.5
SS(Phospho)AAPPPPPR,S515,ABP1,16149652.11,16355694.64,15945451.76,28198042.91,25377533.49,31661259.49,89583746.73,61108305.02,88383252.9,96323169.5,72957543.27,102103999.9,71882307.38,61491323.14,76681516.41,51827919.88,50744811.53,53830962.25
TPS(Phospho)PAPAAK,S183,ABP1,363768949.4,336112992.3,360104594.4,323541148.7,290172647.9,321474851,0,259433250.3,383411253.8,385844750.5,361950306.8,399479860.1,396782113.5,370547335,395737822.5,550836089.5,464270121.9,439371839.4
GDNTGDQNAVEKS(Phospho)DFEK,S321,ABP140,4505628.212,0,3915511.596,4903159.384,4550603.681,4931606.755,5983013.967,4793050.145,6450849.016,4734695.402,3810358.571,4056610.474,0,0,3710459.288,5579395.841,4366083.439,4120392.468
GDNTGDQNAVEKS(Phospho)DFEKS(Phospho)DTEGSR,S321 S326,ABP140,141614217.4,150987154.9,154551279.8,137314518.5,151572624.5,164661047.1,145973092.8,104790140.7,123923998.6,137444342.3,90481548.57,110165461.2,105376620.3,120063641.4,123871048,117103871.6,96793466.32,100454520
GDNTGDQNAVEKS(Phospho)DFEKSDTEGSR,S321,ABP140,26545747.62,23879301.53,26081623.83,27258272.5,24417024.22,25895237.03,27319842.81,27523846.88,26479772.41,26151606.79,24991220.31,24103025.33,22081211.79,20509342.7,21086060.55,25086977.55,21481709.66,22013805.45
GDNTGDQNAVEKSDFEKS(Phospho)DTEGSR,S326,ABP140,9229651.961,10899779.81,11362383.5,8946011.19,8540204.143,8903588.135,9668517.741,13552223.54,8246455.665,8538709.331,9557557.159,9120068.768,6583562.007,6975436.175,7757321.176,4969289.292,5512534.062,6320629.036
SDFEKS(Phospho)DTEGSR,S326,ABP140,19026470.76,18979401.48,20291317.15,21294277.03,18252583.44,17556266.33,15781337.03,14030541.96,16310258.84,18034355.96,17647345.86,20016246.99,17159094.03,15104500.18,17511604.44,21533370.71,18870707.2,16068717.52
AVS(Phospho)VSDLSYVANSQSSPLR,S1157,ACC1,8110433.324,4084058469,1462143846,4113003524,3823260154,3809697950,4787968642,5597426134,4432438449,4075247102,4587250621,1453630088,3146646780,3054471003,3309767523,3912760328,3195695411,3074762669
DLDIPLVPS(Phospho)PK,S80,ACE2,21127327.72,17875065.55,18111229.38,27169632.57,21118369.26,21451082.39,26105818.65,29463465.9,22525696.27,18535492.14,23442884.73,17844008.77,16239123.84,17427957.29,17201652.85,15859267.37,12194440.5,13446828.79
LVSGATNSNS(Phospho)KPGS(Phospho)PVILK,S249 S253,ACE2,17281283.07,17931099.14,19781256.6,23746108.65,27474266.62,22481109.73,16835266.33,21248716.44,17471788.58,0,7938089.767,8504530.438,8087000.494,11238550.21,11247105.5,9739779.336,0,0
IQQTFVDVNNS(Phospho)PNMLK,S156,ACF4,0,2781307.012,0,0,0,3811833.558,6402817.171,4188768.44,5452388.689,8516234.344,4286569.523,0,0,0,3784279.383,0,0,0
LAIPIS(Phospho)SPQR,S61,ACF4,33503747.15,35977075.91,34369092.72,35031127.18,27182153.52,30748732.29,19721908.01,14118771.62,19396044.51,15114988.29,17371048.32,18592361.61,12987072.51,19634129.41,12192845.15,24722159.09,21947334.64,27481943.13
RLAIPISS(Phospho)PQR,S62,ACF4,18301699.31,20401846.58,19808148.44,16296143.72,11214604.3,12575774.19,7475359.886,3518509.735,8390771.404,6064885.508,8064575.439,9443415.177,0,11446270.35,0,14116173.76,12022049.11,15343541.97
S(Phospho)INDFFSKPNNNVNSNINNTLPNR,S165,ACF4,62916793.4,65509411.06,62536180.43,78447958.97,68574072.18,78505023.13,91752868.38,61755816.79,75578686.92,80064512.48,53306922.28,68261724.59,64115240.65,65719257.78,67481133.74,69991433.58,49748127.38,59189700.57
STTNQS(Phospho)PVSDHASPISTDQDLIYK,S71,ACF4,20519862.19,18432766.61,20520319.82,16936848.84,17672363.65,15275228.69,17116812.46,17356775.3,15848098.29,15284915.99,14485571.01,13959336.17,16053155.16,16032284.24,14224539.81,17164890.19,13762354.62,12902190.33
VTT(Phospho)PLKPK,T49,ACF4,2214625.141,1736331.555,1806661.064,4033602.735,2440475.682,3110014.638,6110620.853,5145345.974,4545157.842,7379672.196,9261917.214,7918476.93,6874247.97,5218815.829,5275459.587,2501921.196,2503484.579,3191036.449
LLTPVPS(Phospho)DIDISR,S322,ADE3,0,0,0,0,0,0,0,0,0,5231665.656,12637297.17,9991863.206,11374588.75,0,9605822.054,10419251.56,10374354.08,11709181.15
FTLVGYDKEFS(Phospho)D,S359,ADH6,10332117.8,10683655.28,9430392.015,11584767.61,11967879.56,9655652.12,11704463.13,15581752.78,10144170.77,11416137.69,14788130.19,10742037.5,12808474.95,9701000.164,12445504.07,11007994.86,11280076.79,9782020.592
LIHPAS(Phospho)GR,S140,ADK1,4272871.978,3800622.951,3948826.922,4385283.373,5442933.137,0,6597842.703,8079760.554,10625822.24,6154155.312,14604141.5,23614002.31,26310139.72,5819336.935,21581668.97,7610547.269,17818219.29,20566939.06
NIS(Phospho)DLEAGTDTNDIDNTIHQTTFTSSDGTTQR,S659,ADP1,0,0,25264095.94,0,36444822.6,0,0,0,0,22866477.98,24593574.1,0,21091013.06,18897864.05,0,34177729.45,28491281.79,0
S(Phospho)LLRDEEDVEGTDGR,S702,ADP1,30628985.79,24658853.44,29110472.61,14671294.24,16135357.36,16746240.75,20553209.22,19741892.31,22259320.38,25064755.67,27016825.69,28893189.31,27628150.52,25699813.64,23749438.19,30079100.43,30249561.92,34010353.51
S(Phospho)LLRDEEDVEGTDGRR,S702,ADP1,159457786.3,135168469.3,147557794.6,85235049.79,85211648.5,83209233.99,113688843.8,104117420.5,114217244.6,127483582.5,181707438.8,179438093.9,160446682.2,150744771.8,137793703.6,166014022.2,158728052.8,180299861.8
FST(Phospho)PELVPLDLK,T259,ADR1,15181999.34,12164733.64,12454015.17,12138128.39,10216725.55,11070279.53,15890965.61,8084209.108,14212565.99,9329989.878,17332468.35,12257944.36,11313827.71,11721359.18,11490447.66,17565688.85,11312958.79,14826112.56
LPESANNYTYSSGS(Phospho)PTR,S325,ADR1,0,0,0,0,0,0,0,0,0,102722239.1,0,96284068.15,0,86918732.93,81980999.66,82358329.64,88569337.92,84775352.91
RAS(Phospho)FSAQSASSYALPDQSSLEQHPK,S230,ADR1,75578409.81,59044997.05,0,59886836.46,53525585.43,45996416.96,48982577.3,53878416.02,47922317.32,35020369.34,64153867.97,0,47032833.35,46337944.04,40798453.35,54507839.27,38544170.61,38247889.18
VKFST(Phospho)PELVPLDLK,T259,ADR1,6443313.774,5239368.732,8465586.104,4316473.162,4297916.457,3669978.331,8414061.933,3245877.624,2049730.446,4083690.975,9093690.747,0,8265682.59,0,6685055.735,9862925.027,0,5534030.736
DVES(Phospho)AMVDIRPS(Phospho)AMR,S493 S501,AFG2,87542160.9,95456640.66,98653242.48,86591100.39,99279452.14,110745197.7,110158158.6,92406354.64,90277972.95,91241442.1,62859656.94,78089618.8,72127109.8,77778802.91,77805952.1,76852321.29,96199479.51,100832208.3
RPSLDDNES(Phospho)AR,S478,AFR1,2937722.519,2126968.213,2771704.138,12851350.54,13162426.76,13524220.76,17836140.1,17346543.63,17102382.68,16434290.98,15220949.16,21150369.06,13405840.18,9509054.311,13244388.85,7221554.612,7412302.446,8004034.582
S(Phospho)NTS(Phospho)LLNLQVSSLSK,S180 S183,AGE2,6808906.451,7633390.562,4739153.458,25384921.71,22774645.9,27303031,30001199.6,19781089.01,27102928.88,17074057.92,13889468.62,16730340.14,6651897.046,10789547.64,9571553.538,11123935.86,10374090.24,9515984.437
S(Phospho)NTSLLNLQVSSLSK,S180,AGE2,0,23003631.82,0,47961652.64,40551566.12,49491283.98,30341517.2,26587080.24,26344856.55,0,31771963.56,19147222.69,0,28657903.35,0,45405540.84,38055063.19,41742121.67
SNTS(Phospho)LLNLQVSSLSK,S183,AGE2,4722853.917,0,3777704.001,14774509.56,11687360.22,12474954.66,18091451.58,16047269.26,16285376.82,11053387.22,13428920.3,10088400.38,6548768.956,6865565.405,6955295.112,6289269.599,5616259.134,4912517.056
TQTQPPSHLLSTS(Phospho)R,S178,AGE2,0,2346064.808,0,7997675.486,8533715.893,8089777.878,17610629.61,13021857.03,15855424.66,11886852.12,8518728.715,12683330.26,5764353.036,5463607.051,6978390.664,0,2925198.729,0
ADQGPQDEVEATQMNDLTSAIS(Phospho)PSSR,S87,AGP1,0,47440950.59,42616927.31,34181472.22,39941032.37,0,0,0,0,33244950.46,0,0,15967947.68,25720835.84,21669410.65,44303214.79,33399802.83,37617822.08
NES(Phospho)SDNIGANTGHK,S101,AGP1,9899158.93,10047963.89,9730865.069,7294854.039,7322114.871,9568709.724,8588646.913,4928815.074,9774534.48,11638086.93,8834287.663,11726420.7,8011733.895,12004808.07,8494201.364,9483593.4,5803821.767,6798987.246
QAQELEKNES(Phospho)SDNIGANTGHK,S101,AGP1,72766303.04,70098544.27,77673896.31,56771662.9,46648748.92,54946433.94,58269740,28915107.46,52191427.53,64916301.82,70896644.56,65773717.98,79349190.22,98470263.81,67984452.57,78226661.11,52781714.68,56741942.67
ARQS(Phospho)LDLER,S1072,AKL1,644053038,539879219.1,572142185.8,528773360.6,487469711.5,488079398.8,541655078.1,559143709.5,549452644.2,505816716.5,648332108.3,551290259.3,594776739.2,486650319.7,489179499.1,629004801.7,567489925.3,596972741.8
DKDS(Phospho)NS(Phospho)SITISTSTPSEM(Oxidation)R,S1048 S1050,AKL1,26587135.47,30931453.41,32245803.4,43300984.47,32746697.04,49725618.44,66583094.11,50425744.89,54492692.2,40934406.38,42036016.32,37148370,39037701.39,40564251.83,41001565.7,27705228.96,33156931.15,31376285.82
DKDS(Phospho)NS(Phospho)SITISTSTPSEMR,S1048 S1050,AKL1,0,26689833.83,0,0,0,39423698.02,46920055.28,0,43765636.99,58875361.62,0,0,23255147.58,31339256.64,30779695.68,0,21905217.98,18393946.73
DKDSNSS(Phospho)IT(Phospho)ISTSTPSEMRK,S1051 T1053,AKL1,28326070.61,35547075.22,33149554,26615731.96,39899904.67,34642602.19,34578827.93,40617473.92,31742044.01,36274697.62,25676538.86,38436518.95,28158296.53,35952242.41,32606600.25,0,23535565.02,23271616.5
IPS(Phospho)QNVGQELEEEKESQSDQR,S407,AKL1,23402126.6,0,21304564.54,16979711.27,12296475.77,0,25634327.82,25349937.34,25004360.55,23014630.84,19089167.19,24267525.59,26872238.53,18766421.87,26029186.92,27994151.69,21106914.21,32694111.65
M(Oxidation)NVAYHST(Phospho)NELSNDASNFFLEEQQQGQR,T575,AKL1,15504469.58,20520694,0,0,28970145.2,32647237.42,33539212.87,45414992.39,33257773.97,19983028.28,0,23839369.56,49184321.99,43982785.81,34132941.38,31494912.62,30721915.02,43963196.21
MNVAYHS(Phospho)TNELSNDASNFFLEEQQQGQR,S574,AKL1,20196948.21,0,0,0,0,0,19177136.04,0,0,44407701.94,0,0,0,0,0,0,0,0
NKNDS(Phospho)PAPNSHHSYR,S985,AKL1,0,0,0,0,0,7578601.448,0,0,0,0,5624654.783,3976011.04,15790432.12,17700910.33,23664802.09,12484566.88,0,4602059.41
PTISEQS(Phospho)PR,S504,AKL1,5104985.599,5188429.108,5942733.95,5327501.014,0,5275276.272,0,5572753.168,5762584.587,6110325.589,6406003.898,7676033.53,7944818.98,9082416.437,0,0,0,0
QS(Phospho)LDLNFQEVNLSSPTLTQEHR,S960,AKL1,21097759.21,14656910.86,17243776.73,15783809.96,16817155.5,17543825.97,0,0,10829117.59,0,11949724.63,0,9788580.165,13153828.71,9901423.703,30285986.58,17877782.88,20649974.16
QSLDLNFQEVNLS(Phospho)SPTLTQEHR,S971,AKL1,69887378.7,57291620.05,56746597.3,70730562.73,60376185.3,71351987.36,115293700.7,71233214.19,97841186.66,79351754.35,130568018.6,80843812.25,63250317.2,74662390.67,58926498.42,61014114.45,43331024.94,48315235.14
QSS(Phospho)DPTISEQS(Phospho)PR,S496 S504,AKL1,0,0,18060701.67,0,0,0,0,0,14502764.12,0,11767832.67,0,0,0,0,0,0,10791078.34
QSS(Phospho)DPTISEQSPR,S496,AKL1,60544858.12,55248062.83,61206135.96,49398677.6,49835082.68,49982590.87,51407694.38,53657471.17,51735257.1,58099239.44,56611380.1,53861216.57,58433051.96,51409818.01,52229859.21,60516359.53,56868053.75,60150288.91
QSSDPTISEQS(Phospho)PR,S504,AKL1,145524280.1,143343752.1,148481523.1,129338724.1,124518392.3,132229536.2,125950732.1,129810786.2,124946926.3,125735994.8,127883670.8,134540338.8,123925813.4,122707130.3,116777822.1,129108370.9,128156036.2,136296186.4
S(Phospho)FFSVFR,S1099,AKL1,13867350.17,12458918.76,13436592.21,10664467.03,10611977.01,8827684.375,0,4767545.102,0,0,0,0,3697023.678,4427447.272,0,12783263.07,9331760.455,9773819.16
S(Phospho)NNPFPK,S561,AKL1,24085308.5,21138995.65,22298155.57,22748324.6,23004571.07,24026834.09,28712966.07,27767429.93,29583067.65,32726905.53,31300879.13,35977401.39,46360641.08,39023498.11,42649310.19,39743113.77,40089987.49,44726316.59
S(Phospho)VSAMGHPAVER,S10,AKL1,18385886.88,0,0,24103079.61,28536070.6,25394713.76,25846696.55,26862099.74,29664533.24,29575891.47,29846215.28,32258215.67,42587167.36,33908603.37,36488830.48,33457606.53,35410651.04,37649149.44
STSYGAATIGS(Phospho)DEALANEK,S541,AKL1,19090206.43,17438144.1,19830297.02,15518861.86,14858519.28,16278833.39,24475948.46,20503385.92,23451768.34,22222405.09,18449400.26,21238823.52,18971308.16,19230435.94,19503925.99,0,16397664.04,15556708.8
T(Phospho)TSNANSSGTANNPQEINTIQSPGIEDK,T437,AKL1,0,0,0,0,0,0,0,0,0,34421106.39,34842215.84,33668629.86,76665760.13,88452530.11,76451631.78,13226571.99,15604439.33,15493878.09
TTSNANSSGTANNPQEINTIQS(Phospho)PGIEDK,S458,AKL1,41139765.18,48147430.48,49185127.58,34419284.92,35109271.17,43806561.94,38958206.36,31797572.82,32630378.34,0,11053736.4,0,4799750.365,6849760.612,7133134.432,17196329.62,19720428.27,0
AIRS(Phospho)GNEEES(Phospho)GNEQVNHNDEAEEDPLLTR,S51 S57,AKR1,128442715.6,143709814.8,140888297.7,113474227.7,146824856,133457102.5,64894354.75,103933991.8,122842552.2,66105865.72,106677637.8,108704881,113298548.3,68462823.37,129997973.2,113215674.9,130532972.9,134521438.8
AIRS(Phospho)GNEEESGNEQVNHNDEAEEDPLLTR,S51,AKR1,158818009.2,142162304.1,156935367.6,124106700.8,114228310.6,116756172.8,127820866.7,114582396.9,133050172.1,119404140.1,166669639.7,110643972.9,128206812.6,56997025.86,51084362.67,55544432.27,49539357.99,53585975.26
S(Phospho)GNEEES(Phospho)GNEQVNHNDEAEEDPLLTR,S51 S57,AKR1,26164100.01,27128687.48,28213635.91,20871051.05,28287850.7,24622534.92,32440240.09,21890049.66,30389014.84,22897879.94,17702437.63,28110835.96,19989402.19,29305869.35,21202002.36,19273753.66,22055808.97,0
S(Phospho)GNEEESGNEQVNHNDEAEEDPLLTR,S51,AKR1,73459803.67,72663090.88,71771455.9,54396774.92,64490374.36,68018319.46,76249511.13,56715110.69,73092788.42,60988430.41,62752199.16,78764316.51,57898814.65,73235382.63,55532844.43,61034872.25,60256186.21,74211697.12
ESGDTGVDNY(Phospho)LQIK,Y492,ALD3,16719562.01,19389447.89,17241726.68,12310297.87,10092704.23,9475564.667,11368102.71,0,8398927.179,13385569.62,10714012.56,15264826.9,14461026.51,25529408.68,15519318.58,29632634.6,26476640.78,22150977.04
AFS(Phospho)NGSWNGIDPIDR,S96,ALD4,7009593.152,0,6383936.925,5541237.333,6243824.352,0,6671368.11,10309870.16,5144634.915,10139159.39,9394273.75,10304925.98,20210062.49,18392751.41,21597910.82,23527547.29,23051305.81,26032929.59
SVAVDSS(Phospho)ESNLKK,S262,ALD6,10125541.6,9403033.117,10316576.49,10761456.32,12472970.37,11006781.1,16790369.42,10317185.56,12228316.74,10264942.3,10453650.22,13922148.11,10881568.85,7793593.551,10144730.17,5927305.337,8332833.598,8071898.793
DISAS(Phospho)SPNLGGILK,S512,ALE1,332841817.8,296608786.5,299031185.1,281811282.7,271572287.1,267888758.9,325264675.6,377013478.4,283907579.3,259470214,334615668.1,240116869,315077616.4,288997349.9,282668496.4,428966138.9,381668686,377371476.4
DISASS(Phospho)PNLGGILK,S513,ALE1,0,0,0,0,0,0,0,0,0,0,0,0,0,0,0,0,0,226833.6614
KM(Oxidation)S(Phospho)FSGYSPKPISK,S605,ALE1,62521470.85,63538574.55,66206172.38,51293117.72,31239791.98,49384401.96,37709691.21,34543170.99,29383596.76,24473334.46,37265991.62,25614758.02,49993454.84,44578364.11,40418287,55861421.28,57570547.87,59786680.35
KMS(Phospho)FSGYSPKPISK,S605,ALE1,96263056.95,85509361.57,90588103.55,60076856.29,67226076.08,58282593.43,41088537.85,37891647.1,41001382.36,48063913.08,38684539.17,41671121.45,72489917.8,66406064.51,65474997.69,77890644.1,61892370.88,72426037.66
IKPSLHPGIS(Phospho)FGK,S383,ALR1,0,0,0,12866537.73,9711386.555,9875548.746,23357531.76,19315671.39,21605476.08,13705820.66,16515369.87,15454561.91,5706601.306,0,4643383.945,0,0,0
KSS(Phospho)LVSPVLEIPHESK,S185,ALR1,12633863.15,8479936.859,9817570.136,0,2279893.253,0,0,0,0,0,0,0,6285335.858,4003982.562,5333287.708,7016311.794,6626069.702,6164590.63
SES(Phospho)TNETEIHEK,S357,ALR1,11798159.36,12305994.49,11156815.72,13023556.01,10622790.76,13009224.61,11514518.42,10828275,12619701.76,10912130.88,10432420.75,11561009.71,8701305.785,8034082.696,8213663.584,6843286.823,6140491.252,6617534.96
VSQTGEKSES(Phospho)TNETEIHEK,S357,ALR1,8856072.155,8273789.469,9308353.729,8961162.392,7308961.095,8059185.088,6300956.392,8890484.827,7743331.926,6722086.309,9834378.887,6170941.565,6367398.768,5695583.577,6671044.909,4361345.016,4125190.618,3773538.767
EVLSS(Phospho)PVLS(Phospho)PNVQK,S569 S573,ALY1,83945935.91,82423474.25,81162294,68865633.27,78074927.42,71442048.61,12573723.97,20749094.39,10654390.49,5492228.462,4959816.111,6267706.422,22773082.93,24801869.52,21982075.16,86776715.38,97497939.3,106834037.4
EVLSS(Phospho)PVLSPNVQK,S569,ALY1,28145271.05,25897318.67,26306847.98,22701755.35,19886381.66,20474250.77,0,0,17349221.58,17619023.82,22047506.12,19430003.75,29399789.67,26243705.99,24910212.78,15568485.09,13493493.96,17411358.84
NSLS(Phospho)SDNLSNKPVSSDVSHDDSK,S184,ALY1,183392549.5,157006110.7,175388231.9,147847303.2,149146444.2,146742713.6,142408209.8,142291946.2,142137640.2,111467179.2,115467317.4,107596069.6,85120234.75,96720450.51,80682722.64,105854005,87167647.76,93253451.39
TPLPSSS(Phospho)R,S216; S118,ALY1,17041427.17,16772134.85,16997770.7,11584335.75,11791243.14,10372567.69,0,0,0,0,0,0,4841677.85,5289876.374,5466542.261,16714445.78,21565778.09,17552050.36
EVLS(Phospho)SPVLS(Phospho)PNVQPLDILIPHLPSTSLTR,S581 S586,ALY2,5608053.708,0,5526613.943,0,2305023.701,0,0,0,0,0,0,0,0,0,0,0,0,0
EVLSS(Phospho)PVLS(Phospho)PNVQPLDILIPHLPSTSLTR,S582 S586,ALY2,38132288.4,24388943.69,27059136.03,0,20193740.37,14842514.18,0,22343258.47,0,5451899.515,16839630.28,0,16875102.94,9425758.781,0,35299429.46,23196026.2,20237368.2
KNSISGLSS(Phospho)LNLSPLGAPGNSSVNVK,S172,ALY2,56339917.08,43335919.47,42721439.68,28657725.35,16672357.6,20050647.51,0,0,0,8096316.185,9608717.546,8376762.88,22012335.75,18132430,16276581.39,42766401.89,24636271.08,37114824.37
NLS(Phospho)PINLLK,S213,ALY2,174960884.4,234748760.4,242883122.1,209785130.2,199596669.8,202612226.2,95124289.2,122405920.7,141142820,55811131.82,81352879,65150829.32,107687365.8,112792521.3,101794270.4,282521106.9,235976681.4,238643371.7
PMDQSISS(Phospho)PLFPMEK,S9,ALY2,0,17956112.25,16170595.52,9777275.965,16022610.71,11367656.87,0,0,0,0,0,0,0,4379575.226,7801156.32,17735124.45,14407165.07,15205947.98
RES(Phospho)VQDNLPSTIR,S838,ALY2,89684163.68,68656074.62,77412309.9,68032856.97,67763218.14,66099349.05,79070834.88,82186048.7,84379090.16,47386512.8,51744905.48,50167455.34,42093843.16,39482386.3,37997359.12,74127859.11,85489577.29,82016785.37
S(Phospho)SSVTS(Phospho)SNGPSR,S199 S204,ALY2,8393786.81,9592423.128,9308474.32,0,4284089.038,3714132.873,0,0,0,7721067.935,0,5557718.003,7268535.398,8845100.455,0,5467303.682,0,0
SSS(Phospho)VTSS(Phospho)NGPSR,S201 S205,ALY2,0,0,0,0,0,0,0,0,0,0,0,0,0,0,9389180.778,0,0,0
SSS(Phospho)VTSSNGPSR,S201,ALY2,27250591.59,26174465.36,0,7503623.931,7721798.197,8760471.35,0,14381878.88,11955628.19,41427140.7,25467074.81,38652437.39,35725260.95,34788545.89,41567710.15,24948721.91,26721755.16,23631071.55
TET(Phospho)LTNK,T915,ALY2,0,0,0,5683932.148,3108272.668,0,0,0,28374538.54,0,30428321.95,0,17125382.98,24508962.16,0,9284577.924,7910611.542,8330437.502
TLS(Phospho)DNETITSR,S155,ALY2,77529205.56,77849447.27,79596216.39,71768474.07,71812170.14,81538019.63,130291418.1,88281556.41,114812109.3,119003651.2,107951562.9,105036164.8,105261319.8,120466389,106233114.1,100709096.1,95076808.14,96483689.28
IGDEQAGVVVDDETPPLEQQDS(Phospho)HES(Phospho)LAADSR,S58 S61,AMD1,22706923.66,28750499.73,21909530.35,21549868.1,0,25995390.74,34134157.99,25545525.43,23327772.92,34755990.69,19699212.88,22215199.9,29581092.23,37000301.55,33166462.13,29584891.64,33478957.1,31975975.95
LNDLSLEPAPS(Phospho)HDEQDGSGLVIDIDQR,S19,AMD1,100530120.1,60088732.39,57787299.28,71281188.37,62230832.23,87420736.24,124628251.9,69050951.25,114019110,92520275.82,152906132.5,98098693.81,82297230.08,175630303,91050376.65,195108683.6,144036690.9,157270029.2
TLS(Phospho)ASAQHILPETLK,S138,AMD1,129929168.7,104594576.9,106300492.7,78536850.82,72568955.43,66399845.24,38931580.88,46901748.6,26525988.47,32747980.21,45587050.43,32082748.73,78690485.75,73626566.51,68087186.73,149481985.7,138441407.7,134327033.1
SLIS(Phospho)ESPQNVRNDEDLTTR,S99,AME1,13616844.76,12981805.22,13524744.37,0,0,9768035.942,0,11172691.94,0,10295083.99,12358326.29,0,0,11240014.75,9232081.049,9794787.525,10517854.17,0
GQT(Phospho)PEGEDPLGKPEEELTVIPEFGGADNK,T60,APA1,52847363.4,65614452.08,92807785.43,31514104.86,36551896.46,33486734.4,46953618.04,39349883.14,59295706.15,41481402.74,55277331.06,65094288.29,49795651.78,32561839.74,44859272.52,69917483.89,45761720.57,55622957.57
KPS(Phospho)TLLR,S687,APL1,48466947.55,38246524.01,41457643.98,52016488.66,42057336.62,41660511.04,48634443.04,48251439.92,54590238.95,46180145.16,51239486.98,47721771.02,71181374.5,54522263.8,53427472.46,45813777.72,48624796.39,49462027.67
ISS(Phospho)SEDFSGK,S737,APL3,5537742.77,0,5856913.218,4943898.484,0,5176419.159,5807139.239,0,6289991.339,8459031.654,8068454.402,6916220.697,7953339.728,6960180.584,6412888.754,6076631.812,4656711.525,5501647.398
NT(Phospho)IDDVNSK,T727,APL3,3949574.779,3943780.861,4344016.318,7295393.868,7235143.949,7993058.405,9400699.614,8623373.866,9762554.246,5645317.426,5653065.572,8388526.451,0,3886483.995,3934346.927,0,0,3941967.32
RLGSLPASAGSTTLINTPSEASSS(Phospho)TPDLLSK,S700,APL3,10670441.29,14247672.46,14657135.86,16119079.79,14417353.7,14436117.18,34017299.01,34420390.89,29857276.77,30174629.3,25764863.91,26956488.14,21024774.4,19548484.52,20315518.69,10410991.68,7687198.622,10054005.43
RNT(Phospho)IDDVNSK,T727,APL3,19877866.44,16370730.61,17856942.75,36377280.91,28756316.57,31510468.23,32634386.25,35548692.5,34001423.94,22568596.89,26895896.38,29621657.92,20174694.63,15766684.39,17031274.07,20804122.99,18002549.79,21100665.73
AKNS(Phospho)PEPNEFLR,S918,APL5,407492429.8,335802436.2,382182027.9,352057798.7,289842208,313313269.4,326997530.2,266073953,328767564.6,317105600.5,416579221.8,347946312.7,357264782,337624548,295398893.2,439486022.5,414176684.1,448742943.6
AKNS(Phospho)PEPNEFLRDQSTDI,S918,APL5,25690519.73,27019255.12,26991846.15,15283532.37,15729965.79,14161272.68,17719965.07,15962598.45,11140972.29,16030336.36,18265097.06,17032853.65,15206591.88,16270210.45,14607704.65,15214694.21,13688939.04,16539402.29
VQVLS(Phospho)DEPVIEAAPK,S798,APL5,0,0,0,0,21588395.15,20559160.65,0,0,18662024.81,12359561.99,0,0,0,8073259.055,7786056.755,0,15452792.95,0
LTGINDGDSNS(Phospho)ISGK,S726,APL6,81726078.79,75261011.73,82142298.42,97972856.29,95667304.76,104421987,123856357.2,112357131.3,114026943.2,93530950.04,92955698.46,91320220.73,85043480.4,87701039.67,81111436.06,75956708.4,73813993.01,83685583.21
EAAAEES(Phospho)EVDAAAR,S43,ARB1,10084597.48,8633634.002,8808824.814,10532892.69,9161941.641,9842082.407,11583891.23,12261895.71,12133857.2,13793830.19,14819948.17,14899662.89,16327239.19,13100952.83,15384743.26,13892465.14,13581750.97,13807269.41
KS(Phospho)S(Phospho)PDAVDSVGK,S175 S176,ARE2,3683458.163,4366966.183,5516243.1,0,0,0,8745419.691,0,0,0,0,9184085.361,10619251.57,0,9953433.315,10187672.27,12879157.9,13873092.06
KSS(Phospho)PDAVDSVGK,S176,ARE2,39163233.12,32099095,35945902.95,29130075.78,27761486.94,29106218.38,74758484.27,57686872.63,77791343.94,83264922.5,105168668.4,75095600.3,86616099.24,72924473.68,70888352.36,63397370.18,60496947.11,63191506.67
SS(Phospho)PDAVDSVGK,S176,ARE2,39935846.67,33703060.81,36685408.34,48080415.04,49273831.28,57015077.73,225456744.7,229201370.8,247301975.1,295714454.9,316082608.1,311479622.6,237839749,212051502.3,207493009.9,123482572.8,125370135.8,141823177.3
LSDS(Phospho)TDNLDSIPVK,S97,ARG82,51298747.83,42792446.37,43613010.56,40174438.51,42899745.55,41214760.43,65672111.88,55836274.11,61248484.25,73140676.41,76965980.61,73392918.29,79057317.44,70913786.71,73906123.56,60927623.58,52573275.11,28853870.25
LSDS(Phospho)TDNLDSIPVKSEK,S97,ARG82,25255342.22,24869532.7,26037045.28,20222536.41,20396400.7,19727758.66,24785585.69,35566981,29313420.24,36122378.83,46831411.54,47325831.99,44192212.38,38756372.7,40906756.14,0,27038372.23,28751757.14
STS(Phospho)PAANSADTPNETGK,S353,ARP4,26862207.35,23396815.46,25525376.86,25940081.91,22636974.45,26512174.1,25433928.33,19871691.23,25503106.9,30299712.05,26485827,27052418.16,21543221.28,21866724.21,25333607.44,36690807.97,27357429.89,26261408.11
NNNTSQISST(Phospho)NTPDVIDLK,T235,ARP8,9077654.476,9270133.394,10841550.15,0,0,0,21859909.6,0,11745467.24,16911411.83,14692518.97,14908921.96,14286993.63,18900518.52,19455914.38,14073533.77,16860353.71,19491530.67
S(Phospho)VTGLSVDPR,S65,ARP8,15498338.05,13404850.02,14060571.23,13128426.8,0,0,0,11235564.84,14227679.52,0,12756916.03,0,0,0,6806084.281,0,0,0
KIEGGST(Phospho)DIESTPK,T265,ASF1,12992235.14,11012900.91,12704643.87,12623002.85,10579854.85,11292559.1,10529766.51,11251826.78,10689732.18,10289692.79,13071269.35,10603834.52,10949498.14,9607269.809,10174251.07,11404598.71,10587806.76,11271442.91
LPDS(Phospho)S(Phospho)DEDTGSEAVPSR,S155 S156,ASK1,28737851.48,26163996.39,29250720.16,32312476.05,30787635.37,33110965.24,33882705.98,25115449.11,30837858.91,30065580.11,18959431.58,22539077.57,18594028.41,23182335.92,21415038.31,24710958.53,25886149.94,24862483.14
GNNS(Phospho)AQNLTTSSSTASR,S1070,ASK10,215597621.8,217737385,224636870.8,261619516.6,259790262.3,273601866,275688521.1,251490505.2,266413212.6,269364109,204077108.6,278523789.3,217613456.5,244622190.3,237746398.3,221008372.6,223025724,213346001.5
KTNS(Phospho)TGNVPCLTAEK,S1045,ASK10,52763458.21,45932083.78,49313356.21,89127217.31,88159016.1,91566357.11,89687805.95,87368614.25,89343975.49,82227642.37,91781525.63,87984679.2,72835143.31,77085893.94,63865448.32,58637777.98,64605713.21,68210571.94
NS(Phospho)EGSS(Phospho)PCYNDDQIR,S944 S948,ASK10,9744862.12,11126865.14,10562823.7,12956293.31,14456992.3,16136137.12,26642187.71,16401225.88,22325856.75,22673235.1,14886572,21142400.19,12675524.24,15200518.88,16297463.77,12134019.41,11466946.82,12121223.92
NSEGSS(Phospho)PCYNDDQIR,S948,ASK10,8790601.9,8048003.974,8640479.51,35380324.6,35049742.36,33417453.82,2858736.22,3567592.115,2546080.746,2151899.403,0,1904787.743,3640556.822,4222015.476,4020375.181,7434019.417,7564971.24,8229169.174
NVS(Phospho)FSSLNSLM(Oxidation)FSK,S1095,ASK10,0,0,0,11312297.89,6515409.049,0,0,0,0,0,0,0,0,0,0,0,0,90051.0209
QQQQPLQMQPLS(Phospho)R,S969,ASK10,13222127.3,12326721.65,14166570.89,33982383.27,41584722.52,35063612.24,17590306.31,14587550.37,16919223.34,10811343.52,9531819.71,11715150.44,11849518.96,12672148.67,9531894.87,12431072.28,13094292.6,14176193.06
S(Phospho)KVNT(Phospho)PAIDDYGNLITVER,S804 T808,ASK10,30565048.42,53687834.83,32806431.86,79418211.73,91275007.31,90779600.27,89548132.1,66617691.01,70370925.39,79018690.46,48676749.95,78199778.95,39793917.69,77498405.14,64829036.16,39268711.39,50195381.97,36198587.13
STS(Phospho)AGNSITANAPVVPK,S985,ASK10,70087298.96,51230156.03,57087066.43,37079670.49,40236726.42,32064677.81,13585883.03,52119704.86,21325415.08,51975400.85,32034317.8,50132164.63,79559432.89,55036682.35,74777471.98,216839080.5,239146480,270041129.1
T(Phospho)NSTGNVPCLTAEK,T1043,ASK10,55760648.53,52673328.29,58097620.62,113392533.5,118104597.1,116483886.4,117123774.9,88329501.94,100245988.2,101564882.4,83791908.55,110755916.5,79427226.06,95410910.53,81949586.85,70927264.72,84827319.92,80845001.35
TNS(Phospho)TGNVPCLTAEK,S1045,ASK10,11934505.3,7515737.594,9880277.556,0,0,0,0,0,0,6292085.912,0,0,0,0,8105717.757,0,8688434.145,13454783.82
TVAADQS(Phospho)ATAPSS(Phospho)PTMNSSVTTINR,S1015 S1021,ASK10,21451209.83,22960561.49,21710032.32,22003864.34,33125532.87,0,28120268.24,25550715.41,34129474.21,0,22931018.76,0,0,0,0,0,0,0
TVAADQSAT(Phospho)APSS(Phospho)PTM(Oxidation)NSSVTTINR,T1017 S1021,ASK10,11349508.61,14206569.45,14480389.37,16846625.41,11647721.62,19434130.96,23161675.71,17078493.53,17018244.58,11779203.24,13905403.83,12213887.89,9688833.324,12489264.63,9764171.156,11761546.51,15286140.23,14868351.69
VNT(Phospho)PAIDDYGNLITVER,T808,ASK10,22094012.36,20740401.87,18664541.96,36927546.66,32811756.82,30305995.4,34548245.27,32190330.72,36587633.86,30550647.73,47045069.06,30389743.2,31035130.68,29288050.82,28806614.47,29886052.83,24136510.82,27661987.44
RLS(Phospho)ISSLNPSNALSR,S515,ATG1,3753244.694,4204872.785,5764861.941,8432993.64,5608436.709,7033573.203,10973654.78,10587657.65,6421128.821,0,5357268.372,0,3461891.633,0,0,6724275.395,3261785.761,5567646.048
GGGNSS(Phospho)TSALNS(Phospho)R,S571 S577,ATG13,3465708.051,4628374.284,4477229.388,4611723.669,4769892.368,5544408.717,0,3258556.003,4089240.831,3477769.55,2415886.806,4517970.131,2341382.958,3095573.106,3344467.965,3698427.147,3437966.67,3492440.841
HAS(Phospho)VSHNSQGPQNQPEQEGQSDQDIGKR,S280,ATG13,32089137.86,26476133.33,30301310.63,6890054.222,6653009.598,7160675.206,0,6280666.413,4737537.357,7776135.152,8858924.325,10222467.14,15209567.38,12353917.03,15059834.89,27931402.57,26238452.39,21385744.7
HASVSHNSQGPQNQPEQEGQS(Phospho)DQDIGKR,S298,ATG13,6992045.671,6746233.087,7110619.449,4010462.062,4757873.15,5109486.48,0,5523423.646,5300424.032,6183421.805,4261293.356,3932561.722,7653997.767,0,0,0,0,0
SPLQPQES(Phospho)QEDLM(Oxidation)DFVK,S461,ATG13,0,16030524.18,12941967.33,14310472.5,8637882.451,14468882.65,22726630.03,16267917.54,15699912.01,0,21219504.6,11419315.6,12825516.44,9887759.116,12760524.54,10445242.06,10942450.86,9040406.971
SPLQPQES(Phospho)QEDLMDFVK,S461,ATG13,44610132.39,0,0,41374658.46,50948012.66,37849904,53444421.43,39662468.21,47126092.55,53428853.3,0,37870008.15,37956547.07,45720397.69,45039896.16,0,37636205.2,38333423.43
VGS(Phospho)IGS(Phospho)QSASR,S379 S382,ATG13,19595210.82,20929405.44,20191668.62,18605604.42,18603480.79,20157319.28,13366577.02,11714426.98,12706097.68,0,8321268.49,0,0,0,0,11787061.31,14032963.27,12464135.3
VGS(Phospho)IGSQSASR,S379,ATG13,35742119.88,34391764.54,36108861.85,26331421.99,23821417,24021928.03,0,0,25830121.2,13541249.15,0,0,0,0,6394362.337,22506306.43,21766335.22,21107987.18
LSQECDSKT(Phospho)EIAS(Phospho)DHS(Phospho)KKETK,T239 S243 S246,ATG19,25779144.59,26127003.68,27628286.26,30805273.32,30341931.56,32041654.37,0,39028005.53,21123225.6,23021947.47,23134087.76,30698214.39,28715898.28,26207092.57,36559616.38,55525015.07,65652792.25,52221439.99
NTANEDVTEST(Phospho)EDLKNR,T561,AVL9,10842124.22,9950300.339,10912779.34,12250664.75,12258964.46,11411706.28,16709809.03,16538290.78,17541872.95,23211024.41,27411536.47,25885054.52,26086436.3,22890160.83,23654021.79,9649050.421,9643760.193,10720961.38
DSKDS(Phospho)RSNS(Phospho)NEFNAQNR,S429 S433,AVO1,8060425.022,9267885.024,9784447.756,10993834.73,10570565.66,12023071.47,7972303.7,9074654.967,7834243.469,9684863.607,7130216.926,8118875.051,7606457.408,9791099.688,11009189.19,0,7333840.779,6605919.197
SNS(Phospho)NEFNAQNR,S433,AVO1,17349536.72,17166267.03,17988266.56,18471294.95,19054928.3,19529378.62,17271386.8,18561938.04,17070819.38,24992184.57,16640702.33,27598361.69,20071803.22,19620735,21951911.73,25587110.97,22883498.76,21287820.3
YNPLNSSASNSLLNDDDHT(Phospho)S(Phospho)GK,T152 S153,AVO1,0,0,0,0,0,0,0,0,0,0,0,0,0,0,0,8308528.534,0,0
HSAT(Phospho)PTS(Phospho)PHNNIALINR,T330 S333,AVO2,4224707.17,5467086.419,4112843.003,4605641.595,6196243.848,6846932.656,1891122.322,0,0,0,0,0,4280018.604,0,3373039.341,4688064.251,5413195.456,4609697.654
FTNNDMDS(Phospho)IVVK,S187,AVT1,21100703.95,21371104.68,20428147.95,5985624.615,9540564.745,8494527.844,9034000.806,6652565.537,8469195.857,14878020.72,14671289.51,11751959.03,23688488.43,27149644.04,25547607.18,21589460.03,17148805.06,21300703.24
GSAFS(Phospho)PDDSVSQFQSDGFMTR,S31,AVT1,61626125.79,76578661.73,0,60585587.6,76167310.84,70061062.75,61162678.97,43636163.88,3641249.206,66153126.21,0,55954373.24,0,76095500.94,67302651.89,72236303.93,77474976.83,72452929.91
GSAFSPDDS(Phospho)VSQFQSDGFMTR,S35,AVT1,0,0,0,0,0,0,0,0,0,0,0,0,59964757.69,0,0,0,0,0
GSAFSPDDSVS(Phospho)QFQSDGFM(Oxidation)TR,S37,AVT1,20596587.03,28120464.41,5287240.426,5250953.253,5378547,5154201.715,18307972.91,16470969.32,18301742.31,8740949.198,32356953.24,8051632.962,37373281.64,30631275.14,30811251.27,8997341.767,27131411.48,23292419.28
GSAFSPDDSVS(Phospho)QFQSDGFMTR,S37,AVT1,46863309.54,49200861.92,115289199.4,6962823.179,10209421.83,7884003.696,29423353.41,25258741.98,81880566.34,43220693.6,86179934.96,19897723.32,54787288.02,58235505.3,56641894.98,42119493.48,26641070.58,42538223.77
GVNS(Phospho)LSR,S64,AVT1,0,0,8487891.454,0,0,1305393.985,89011.1768,0,0,5579502.824,0,4021699.231,13850203.91,17813862.73,14360542.98,19569465.92,22102971.72,22341193.94
PEQEPLS(Phospho)PNGR,S8,AVT1,229908297.9,221315103.2,234667244.2,205059466.6,185236008.5,204575000.7,175722791.5,143802477.5,164095104.7,153871036.6,157394198.5,161037212.9,127400384.7,158171804,127529569.1,203450294.9,198251097.9,220247524.2
RFT(Phospho)NNDMDS(Phospho)IVVK,T181 S187,AVT1,28011305.11,28600280.54,28929465.23,0,0,0,0,0,0,0,0,0,31773730.67,58592150.52,40406864.16,34055517.86,41952091.64,46650661.21
RFT(Phospho)NNDMDSIVVK,T181,AVT1,20867463.65,19469159.62,21240410.03,0,8698474.911,7725292.648,9328737.538,8494316.369,8961076.608,18933740.49,24692015.91,19289637.79,29547854.56,23626090.56,24883583.29,30997849.63,28231062.14,33512389.31
RQS(Phospho)ILDHPVGS(Phospho)FK,S50 S58,AVT1,27317756.08,27496120.26,27567025.94,0,2555845.995,0,0,0,0,8962268.298,6040699.861,7114607.626,30932273.09,48906070.32,37057473.67,58112778.44,64561848.56,68027887.68
RQS(Phospho)ILDHPVGSFK,S50,AVT1,10087622.9,8037218.826,9051454.292,0,0,0,0,0,0,3005980.383,4245562.585,3062330.701,12590485.83,10440377.66,10371759.09,16705364.24,15061375.1,16354782.07
KSS(Phospho)GTTGGLLK,S59,AVT3,69640100.42,64611117.13,66391480.84,62507886.49,53411066.04,53374430.63,37349880.83,35724113.82,36859631.24,31041841.7,30364895.65,31453928.94,47305023.88,44371193.17,42909179.77,70472322.78,76002278.7,78554584.23
NPS(Phospho)NSLQLQGGDITR,S119,AVT3,18693351,18727689.47,19886814.09,12401097.12,13664539.36,16210674.19,32948664.62,29488526.09,33234873.29,40524290.4,38266082.84,36426200.59,42054958.8,50383421.81,46415634.3,30685660.86,32473533,36478421.4
NPSNS(Phospho)LQLQGGDITR,S121,AVT3,20638539.63,19775710.77,19986100.84,0,0,0,1619791.586,0,0,6541411.226,7439328.407,5886225.205,11509669.64,15395912.49,13468276.49,17013401.45,16970609.01,20736247.59
AQS(Phospho)TVLNSNPFYSR,S34,AVT4,28771413.56,37305721.85,37389701.1,13120041.46,14442101.24,0,17213592.41,0,0,0,0,0,0,0,0,0,0,0
RAQS(Phospho)TVLNSNPFYSR,S34,AVT4,19295854.84,18257850.48,19253830.92,5750942.928,6125014.911,5268828.307,6762676.406,6466368.833,0,10042012.84,10272492.12,9684492.485,17581513.45,15416751.63,15204655.07,15406357.97,17525876.2,19753061.32
RS(Phospho)S(Phospho)VSHGNEAIPR,S100 S101,AVT4,10769755.99,11352088.54,11634196.05,15704671.02,16315574.73,16551505.2,0,0,5840778.651,8790765.25,5888109.811,9732078.026,9854852.642,10486693.64,8995164.235,0,11914168.43,11438357.89
RSS(Phospho)VSHGNEAIPR,S101,AVT4,6342950.254,5688304.913,5409962.063,9937785.139,9300747.658,9830812.486,5398767.892,5842286.119,5963253.503,4227747.935,7660974.496,6265050.132,4313459.155,3066190.837,4662959.835,4630893.791,5382622.12,5809429.899
S(Phospho)M(Oxidation)ENVTPK,S165,AVT4,33120526.31,36074036.85,35785315.68,40370216.52,20627814.97,36905136.98,0,38031282.27,31515571.51,24089229.25,40749248.7,27178705.79,37506164.72,31058248.64,29760992.64,31017526.3,35174507.47,35466794.1
S(Phospho)MENVTPK,S165,AVT4,105256241.5,81217434.72,93716239.08,69399704.15,77581394.91,67862026.4,62017337.33,66187565.26,81093280.67,74165703.82,80009394.65,67108894.66,79037368.07,75142026.47,70583505.35,76046226.45,78262792.66,71993086.52
VFVDM(Oxidation)S(Phospho)SPNFQTLEDPHRDEIINS(Phospho)VR,S70 S88,AVT4,15095391.43,16633368.29,12784997.8,0,0,0,6744453.83,0,0,0,12885603.27,9111454.798,11807625.29,14107272.67,10118350.55,14338628.26,15795893.72,14093826.74
VFVDMSS(Phospho)PNFQTLEDPHRDEIINS(Phospho)VR,S71 S88,AVT4,21515106.86,18875063.08,23263447.87,0,0,0,0,0,0,12766842.35,0,11133764.41,17981041.81,27564016.41,21764827.05,26728228.17,26939924.11,20595978.46
VFVDMSS(Phospho)PNFQTLEDPHRDEIINSVR,S71,AVT4,4819223.872,522471.9199,0,17420067.83,21483519.49,16839455.9,0,0,9495118.566,0,0,0,0,0,0,0,0,6331188.82
DSSLDLNEVIEEES(Phospho)IYQPK,S344,AVT6,26172853.58,23893353.84,24939826.22,19541236.15,21766875.22,24076525.47,30866258.99,21336254.1,26130963.3,21501980.26,29508116.41,20555777.48,16672836.63,27811919.78,19686334.45,31729562.33,21769105.62,23794114.61
HLQNIQDSQS(Phospho)GK,S754,AXL2,12451651.73,13459021.68,12602101.16,15573132.67,14869120.31,16355402.97,11149578.36,9165207.758,11808824.25,11352528.58,8474749.652,10953250.52,9734175.871,13713953.01,9132773.745,11201734.39,9307849.27,11344657.41
LVDFSNKS(Phospho)NVNVGQVK,S805,AXL2,0,0,0,0,0,0,22182786.28,12161803.24,26788171.28,10224228.27,13556401.92,10767537.89,0,0,0,0,0,0
RESNS(Phospho)MRPPLLIPAATTK,S229,AZF1,12289367.79,8528979.422,10618416.24,0,0,0,0,0,0,0,0,0,0,5306077.813,0,9907485.12,8323038.257,9488634.597
ETSPDSIS(Phospho)IR,S21,BAP2,16993423.72,17379229.79,18155928.51,22401790.33,23136215.19,20313927.73,18715709.15,20738170.72,20873483.8,15277634.38,17347931.79,24300349.75,23593001.96,18944393.6,18123475.93,14214643.61,13723140.28,15420135.6
KETS(Phospho)PDS(Phospho)IS(Phospho)IR,S16 S19 S21,BAP2,8491124.902,12473252.11,11144756.6,10697216.66,12257546.27,13554217.81,11296140.64,4207373.282,10116017.22,11201155,6012236.653,13510650.81,7999561.399,14190598.72,10229758.92,9674132.771,10555254.57,11918405.67
KETS(Phospho)PDSIS(Phospho)IR,S16 S21,BAP2,42972770.94,51058015.23,48982132.4,37526756.92,0,46961509.08,35415991.63,16117457.56,28995667.58,31941926.38,17301908.41,23435992.92,17629831.49,31215686.34,22615828.53,23627703.71,24173680.34,25780973.14
QINENTS(Phospho)DLEDGVESITSDSK,S76,BAP2,5385019.182,8120478.764,9108614.518,7819675.851,8562044.375,11366500.44,15122588.46,10821750.45,10732400.25,12702498.08,10369361.38,8541946.183,12800562.83,11215910.92,12641834.11,11227032.97,9938609.84,10585373.75
S(Phospho)FSAGNNFQSSSSEK,S24,BAP2,30801556.19,31819524.28,34259153.75,30739594.12,35089558.23,32784361.8,33860521.34,28687193.21,34735678.64,27943689.37,26503020.24,41463133.93,32830472.38,33711714.7,30218441.64,29847564.39,32114766.28,39310449.84
RAES(Phospho)QRLEEDNDLEDGTK,S64,BAP3,0,0,0,0,0,0,6999960.726,4867469.513,7422031.272,8137870.404,10823829.17,6636020.029,5838774.323,6313618.102,5859380.824,3942850.326,3169059.835,4281006.781
ARLS(Phospho)M(Oxidation)FNQDITEQVPLPK,S166,BBC1,54655036.25,48183369.27,47332243.91,74661022.12,42296231.88,57899360.04,43490156.11,46384480.61,40131525.23,0,7347019.552,12378729.67,0,0,15545055.66,48933805.86,31325235.44,36092285.3
ARLS(Phospho)MFNQDITEQVPLPK,S166,BBC1,72654273.48,61672989.85,64848516.54,93111803.57,87746462.64,75363742.87,54422675.75,48230334,48178602.16,24867206.84,30383923.54,23070297.66,26242751.43,23524061.17,24806764.7,65969694.94,44688817.46,52210809.81
DLPEPIS(Phospho)PETK,S103,BBC1,1029428220,884276750.9,980624501.5,710936877.4,726074240.2,692546466.3,843209739.8,742562538.5,822104125.8,761184496.4,942550517.4,824322225.5,820900914,762803254.8,747835403.6,1041336962,873137896.3,932147321.8
DLPEPIS(Phospho)PETKK,S103,BBC1,505876388.1,411900473.8,462022160,404882771.4,353038229.6,352935347.5,426947919.7,419546351.4,407837429.8,387594263.6,543660838.3,437343682.9,450153436,373574807.2,382302850.8,521234332.1,497703862.1,550252808.4
EAESS(Phospho)PNTGSTEQR,S78,BBC1,11156123.27,10931924.47,11476945.14,12266391.77,12097750.94,12170533.62,0,10119422.62,12883451.21,13034021.62,10088084.09,14295243.04,11276904.47,10684497.64,13285796.64,16104295.99,15082746.75,15776845.1
KVPM(Oxidation)DS(Phospho)PKLK,S158,BBC1,0,12089659.18,12610381.75,8283101.105,4134327.451,0,0,0,3571372.189,4329375.481,14258441.95,0,5749340.291,10772369.85,10096468.67,0,7456167.103,0
KVPMDS(Phospho)PK,S158,BBC1,708366691.5,626659872.1,671353066.1,642281709.1,703755367.3,603070441.2,648000663.5,2156288.322,0,639869474.9,643919682.1,628035264,685662354.9,592108569,616235202.4,801175157.1,718465147.5,735992683.7
KVPMDS(Phospho)PKLK,S158,BBC1,21721037.64,17092668.05,19236224.61,13129218.55,13935450.41,11442579.42,10220910.95,15951724.2,10109197.7,11959353.21,16237971.54,6806022.601,18785474.72,16580631.22,15717219.26,12848736.65,15681350.9,15351673
NGS(Phospho)INS(Phospho)LTK,S631 S634,BBC1,205313184.7,218135768,202001100.1,207060073.1,217395749.4,223191046.2,201096629.3,184416293.7,170951945.4,182250432.6,127939234.4,220489920.3,237278461.6,231687279.3,216434236.9,227607625.4,253490222.7,294915052
NGS(Phospho)INSLTK,S631,BBC1,82253713.37,72792020.83,77206500.93,27307684.85,29920904.37,31397015.58,0,0,41013408.67,69649701.93,60763443.93,79772230.64,116038036.1,93718455.2,90524926.07,90302947.86,91348642.14,99278160.08
NGSINS(Phospho)LTK,S634,BBC1,175610342.8,152181250,165780329.6,166124115.8,159938213.2,160843081,168287198.9,168504309.9,152036999.5,122474671.3,121718739.3,140742776.4,184430556.5,135140437.4,142756213.1,182939851.7,162225022.4,177969669.5
RS(Phospho)TT(Phospho)HDVGEISNNVK,S893 T895,BBC1,56932094.12,55147940.12,58668820.9,42024252.76,69282461.51,56279168.7,76658419.87,109229797.7,76906649.75,75591570.15,62332851.72,87645433,91795158.1,63884010.12,89286618.95,48112704.86,87223055.75,84092486.89
