Protein,Sequence,Psite,Sequence_Phospho,a0_t0,a0_t1,a0_t5,a0_t10,a0_t20,a0_t45,a1_t0,a1_t1,a1_t5,a1_t10,a1_t20,a1_t45,a5_t0,a5_t1,a5_t5,a5_t10,a5_t20,a5_t45,a10_t0,a10_t1,a10_t5,a10_t10,a10_t20,a10_t45,a20_t0,a20_t1,a20_t5,a20_t10,a20_t20,a20_t45,a45_t0,a45_t1,a45_t5,a45_t10,a45_t20,a45_t45,Entry,Entry_name
DIG1,DGNLASSNSAHFPPVANQNVK,S126+S127,DGNLAS(Phospho)SNSAHFPPVANQNVK,0.00041509,0.00039651,0.0006711,0.00060249,0.00043997,0.00041787,0.0014163000000000001,0.0010902000000000002,0.00077532,0.00066826,0.00081585,0.00072111,0.0012509,0.0013677,0.0011427,0.0010895,0.00053492,0.0013039999999999998,0.00030771,0.00041409,0.00031204,0.00031103,0.00023008,0.00024637,0.0011256999999999999,0.0012026,0.0011485999999999998,0.00091712,0.00090233,0.0010089,0.00028876,0.0003,0.00027013,0.00035849,0.00036712,0.00031307,Q03063,DIG1_YEAST
DIG1,SAPAQVTQHSK,S142,S(Phospho)APAQVTQHSK,0.00018739,0.00018479,0.00026660000000000003,0.00020245,0.00013835,0.00022575,0.00017714,0.00016223,0.00013637,0.00014219,0.00012577,0.00013096,0.0013424,0.0011362,0.00085452,0.0007471,0.0010327,0.0014638,0.00055466,0.0006796,0.00087747,9.549999999999999e-05,0.00074209,0.00072624,0.0010902000000000002,0.0016619,0.001135,0.00089865,0.001064,0.0012409,0.0011440999999999999,0.0013638,0.0012374,0.001091,0.0014252000000000002,0.001707,Q03063,DIG1_YEAST
DIG1,VNDSYDSPLSGTASTGK,S272,VNDSYDS(Phospho)PLSGTASTGK,0.00033752,0.0003301,0.00053798,0.00050547,0.00038083,0.00032833,0.00036689,0.00037894,0.00033028,0.00037165,0.00041533,0.00026975,0.00050499,0.00046495,0.0005021,0.00047346,0.00041781,0.00049266,0.00052115,0.00055033,0.00053797,0.00062937,0.00047758,0.00045969,0.00024294,0.00031154,0.00034919,0.00031922,0.00031407,0.00023206,0.00017790000000000001,0.00020800000000000001,0.000122,0.00021177,0.00020337,0.0002206,Q03063,DIG1_YEAST
DIG1,VNDSYDSPLSGTASTGK,S272^S275,VNDSYDS(Phospho)PLS(Phospho)GTASTGK,4.23e-05,4.7e-05,7.840000000000001e-05,4.92e-05,4.16e-05,3.5799999999999996e-05,9.1e-05,0.00012046,6.850000000000001e-05,8.859999999999999e-05,8.840000000000001e-05,6.0299999999999995e-05,7.97e-05,6.48e-05,6.42e-05,5.13e-05,5.22e-05,7e-05,0.00010673,0.00012417,0.0001328,0.00013235,0.0001072,8.03e-05,7.82e-05,0.00010143,0.00010384,7.509999999999998e-05,6.26e-05,6.11e-05,6.4e-05,6.61e-05,7.44e-05,6.63e-05,6.18e-05,5.05e-05,Q03063,DIG1_YEAST
DIG1,VNDSYDSPLSGTASTGK,S272^T277^S279,VNDSYDS(Phospho)PLSGT(Phospho)AS(Phospho)TGK,3.3799999999999995e-05,3.65e-05,5.47e-05,4.33e-05,4.2e-05,4.03e-05,6.74e-05,9.7e-05,4.7799999999999996e-05,5.31e-05,6.850000000000001e-05,5.9699999999999994e-05,5.8099999999999996e-05,8.379999999999999e-05,5.39e-05,5.31e-05,5.79e-05,5.7499999999999995e-05,4.6399999999999996e-05,6.73e-05,6.15e-05,5.3200000000000006e-05,4.46e-05,5.479999999999999e-05,6.6e-05,9.05e-05,7.85e-05,6.31e-05,5.7100000000000006e-05,7.28e-05,5.9499999999999996e-05,6.61e-05,6.879999999999999e-05,5.13e-05,8.109999999999999e-05,7.269999999999999e-05,Q03063,DIG1_YEAST
DIG1,DALLSANTK,S330,DALLS(Phospho)ANTK,0.00010858,9.92e-05,0.00014376,0.00010578,8.329999999999999e-05,0.00011514,0.00012739,0.00012634,7.82e-05,7.829999999999999e-05,7.32e-05,7.070000000000001e-05,0.00042928,0.00034657,0.00022745,0.00020683,0.00026573,0.00041661,0.00052898,0.00057751,0.00043632,0.00034061,0.00036632,0.00047008,0.00046803,0.00072361,0.00038989999999999994,0.00030654,0.00030577,0.00041896,0.00055804,0.00065217,0.00054046,0.00044983,0.00067188,0.000794,Q03063,DIG1_YEAST
DIG1,TSQPQQQSPSLLQGEIR,S395,TSQPQQQS(Phospho)PSLLQGEIR,0.00020046,0.00017719999999999997,0.00025625,0.0001908,0.00016745,0.00017791,0.00026454,0.00029467,0.00017696,0.00018699,0.00021867,0.00019314,0.00022463,0.00015641,0.00014792,0.00011839,0.00011949,0.00018645,0.00027968,0.00029768,0.00025147,0.00020562,0.00015549,0.00023458,0.00046689,0.00061911,0.00038935,0.00028379,0.00022626,0.00031162,0.00066214,0.00081185,0.00062919,0.00061062,0.00066147,0.00048210000000000006,Q03063,DIG1_YEAST
DIG2,LAGRSPHLEDLTSR,S225,LAGRS(Phospho)PHLEDLTSR,0.0001,7.670000000000001e-05,9.300000000000001e-05,9.53e-05,7.219999999999999e-05,8.01e-05,8.49e-05,5.5299999999999996e-05,5.73e-05,5.24e-05,6.32e-05,5.24e-05,0.00026526,0.00016140000000000002,0.00017119,0.00018752,0.00028315,0.00032537,0.00018141,0.00017803,0.0001238,0.00011844,0.0001198,0.00013378,0.00017064,0.00030711,0.00024577,0.00018972,0.00016154,0.00014482,0.00017619,0.0002275,0.0001833,0.00016644,0.00018302,0.00016483,Q03373,DIG2_YEAST
DIG2,EEDHSGKPPTITTSPAEK,S84,EEDHSGKPPTITTS(Phospho)PAEK,7.46e-05,6.61e-05,8.25e-05,8.71e-05,5.17e-05,6.07e-05,7.170000000000001e-05,6.47e-05,8.05e-05,8.4e-05,5.68e-05,6.759999999999999e-05,5.9999999999999995e-05,5.9e-05,7.219999999999999e-05,7.18e-05,7.69e-05,9.53e-05,4.8700000000000005e-05,7.25e-05,4.8e-05,4.96e-05,4.39e-05,4.3200000000000007e-05,5.0600000000000003e-05,9.520000000000001e-05,0.00010090000000000001,8.55e-05,9.300000000000001e-05,7.209999999999999e-05,6.08e-05,6.659999999999999e-05,7.11e-05,8.1e-05,9.02e-05,6.57e-05,Q03373,DIG2_YEAST
DIG2,LSQKEEDHSGKPPTITTSPAEK,T83,LSQKEEDHSGKPPTITT(Phospho)SPAEK,0.00025762,0.00019146,0.00023782,0.00020844,0.00018998,0.00022211,0.00024015,0.00020715,0.00022627,0.00018243,0.00021982,0.00020673,0.00052829,0.00044844,0.00056342,0.00050445,0.00064148,0.0006951,0.00028684,0.00027201,0.00020599,0.00020544,0.00020089999999999998,0.00025367,0.00025161,0.00032476,0.00031288,0.00029777,0.00029488,0.00027621,0.00028058,0.00034753,0.00029007,0.00026343,0.00030369,0.00025573,Q03373,DIG2_YEAST
FAR1,TGQLSALQSPVNITSSNK,S114,TGQLSALQS(Phospho)PVNITSSNK,6.65e-05,7.509999999999998e-05,7.690000000000001e-07,5.91e-07,7.06e-06,2.1899999999999997e-05,5.4600000000000006e-05,5.73e-05,1.03e-06,3.21e-06,7.57e-06,1.85e-05,3.4200000000000005e-05,2.64e-05,1.04e-05,1.01e-05,1.15e-05,1.49e-05,6.890000000000001e-05,7.780000000000001e-05,2.7000000000000002e-05,8.46e-06,2.0300000000000002e-05,4.970000000000001e-05,9.53e-05,0.00012096,4.6899999999999995e-05,2.1899999999999997e-05,1.93e-05,6.759999999999999e-05,0.00022453,0.00024699,0.00014365,0.00011471,0.00011204,0.00013422,P21268,FAR1_YEAST
FPS1,NADDAHTIPESHLSR,T168,NADDAHT(Phospho)IPESHLSR,2.9100000000000003e-05,7.65e-05,5.9e-05,6.34e-05,5.6999999999999996e-05,4.45e-05,3.06e-05,7.96e-05,5.8899999999999995e-05,6.440000000000001e-05,6.04e-05,5.02e-05,3.69e-05,9.209999999999999e-05,5.8599999999999995e-05,6.86e-05,7.43e-05,7.31e-05,4e-05,0.00010349,4.3e-05,5.16e-05,5.41e-05,5.44e-05,2.55e-05,0.00011220000000000002,5.59e-05,5.7700000000000007e-05,6.95e-05,4.6500000000000005e-05,1.82e-05,7.859999999999999e-05,5.03e-05,4.52e-05,6.37e-05,5.8299999999999994e-05,P23900,FPS1_YEAST
FUS3,IIDESAADNSEPTGQQSGMTEYVATR,T180,IIDESAADNSEPTGQQSGMT(Phospho)EYVATR,6.12e-05,5.04e-05,7.57e-05,5.21e-05,4.22e-05,1.7199999999999998e-05,0.00011334,8.72e-05,0.00010324,7.06e-05,5.2900000000000005e-05,4.3e-05,0.00032188,0.00023471,0.0002133,0.00014481,9.58e-05,0.00014584,0.00023216,0.00022539,0.00022457,0.00019334,0.00014594,0.00019075,0.00052799,0.0006415,0.00051397,0.00034121,0.0001804,0.0003418,0.00060885,0.00069816,0.00077205,0.00070855,0.00055367,0.00043208,P16892,FUS3_YEAST
FUS3,IIDESAADNSEPTGQQSGMTEYVATR,S177+T180^Y182,IIDESAADNSEPTGQQS(Phospho)GMTEY(Phospho)VATR,9.779999999999999e-05,4.01e-05,3.1e-05,6.409999999999999e-05,7.509999999999998e-05,0.00017201,0.00010048,5.19e-05,3.4e-05,5.7799999999999995e-05,7.159999999999999e-05,0.00015877,0.00012069,0.00010865,5.05e-05,4.3799999999999994e-05,6.01e-05,0.00010877,0.00016563,0.0002043,8.190000000000001e-05,4.09e-05,5.4000000000000005e-05,7.829999999999999e-05,0.00031896,0.00048249,0.00018081,0.00010449999999999999,7.340000000000001e-05,0.00015788,0.00019303,0.00027810000000000004,0.00017678,0.00014441,0.00015383,0.00019075,P16892,FUS3_YEAST
GPA1,SDTDRDAETVTQNEDADRNNSSR,S199,SDTDRDAETVTQNEDADRNNS(Phospho)SR,0.00011114,0.00010123,0.00018048,0.00018277,0.00012653,0.00010632,0.00012552,0.00014591,0.00019637,0.00016471,0.00013973,0.00011308,0.00014568,5.9e-05,8.98e-05,9.87e-05,7.4e-05,0.00014013,0.00017089,0.00021416,0.00036798,0.00044313,0.00033523,0.00020486,7.120000000000001e-05,0.00013391,0.00019767,0.00020225,0.00026713,0.00016764,8.190000000000001e-05,8.8e-05,0.00011266,0.00014343,9.690000000000001e-05,7.46e-05,P08539,GPA1_YEAST
GPD1,RSSSSVSLK,S23+S24,RSS(Phospho)SSVSLK,0.00031453,9.24e-06,9.74e-06,7.859999999999999e-05,0.00047052,0.00056142,0.00017130000000000002,0.00010647,3.35e-05,9.990000000000002e-05,0.00029165,0.00036995,0.00031699,0.00018254,0.00016195,0.00011442,0.00045696,0.00048175,0.00028867,0.00025736,0.00014643,0.00028835,0.00040138,0.00062151,0.00019377,0.00027037,7.94e-05,0.00015664,0.00054481,0.0004877,0.00034201,0.00028710000000000004,8.06e-05,0.0001764,0.00065412,0.00067105,Q00055,GPD1_YEAST
GPD1,SSSSVSLK,S24+S25+S27,SSS(Phospho)SVSLK,0.0049029,0.0035887000000000002,0.0028616999999999996,0.0038038000000000004,0.0056223,0.0073016,0.0025109000000000004,0.0037286000000000003,0.0012334000000000002,0.0022944000000000003,0.005569600000000001,0.0058408999999999996,0.0039573,0.0033998000000000006,0.0019291,0.0020864,0.0045328,0.0076161,0.0036294000000000005,0.0038147,0.0019390999999999998,0.0020427,0.003246,0.005314,0.0033079999999999997,0.0044887,0.0016869,0.0018925,0.005393,0.004707899999999999,0.0040384,0.003904,0.0014906,0.0020545000000000003,0.0068233,0.006252399999999999,Q00055,GPD1_YEAST
GPD1,SSSSVSLK,S24^S27,SSS(Phospho)SVS(Phospho)LK,0.0025516,0.0019422,0.00072607,0.00050653,0.0013515,0.0029048999999999998,0.0045121,0.004746899999999999,0.00079165,0.00076486,0.0027738000000000003,0.004399899999999999,0.0016629000000000001,0.0013809,0.00036238,0.00025557,0.00091958,0.0027855999999999996,0.0016277999999999998,0.0016370999999999998,0.00050755,0.00029493,0.00045271,0.0014936,0.0021664,0.002545,0.00068523,0.00047488,0.0015769,0.0031926,0.0024014,0.0018977999999999998,0.00050213,0.00040976,0.0025488000000000004,0.0037542,Q00055,GPD1_YEAST
HOG1,IQDPQMTGYVSTR,T174+Y176,IQDPQMT(Phospho)GYVSTR,0.00026910000000000004,0.00037739,0.00058612,0.00071285,0.00038500000000000003,0.00027956,0.00022144,0.00038178,0.00037905,0.00053116,0.00032127,0.00022497,0.00043013,0.00056508,0.0005941,0.00091181,0.00058467,0.00046791,0.00040826,0.000298,0.00068068,0.00087665,0.00051933,0.00040917,0.00031306,0.00067232,0.00062482,0.00081856,0.00054247,0.00037269,0.00024423,0.00044012,0.00041747,0.00056042,0.00043482,0.00037285,P32485,HOG1_YEAST
HOG1,IQDPQMTGYVSTR,T174^Y176,IQDPQMT(Phospho)GY(Phospho)VSTR,4.8100000000000004e-05,0.0014035999999999999,0.0015986,0.00053982,0.00014690000000000002,9.63e-05,4.11e-06,0.00032185,0.00019846,7.99e-05,1.7800000000000002e-05,3.9e-06,6.52e-05,0.0017105,0.0015788,0.00061655,0.00016141,4.83e-05,6.21e-05,0.0017816,0.0016975999999999998,0.00063312,0.00016837,5.67e-05,5.6000000000000006e-05,0.0019237000000000002,0.0019352,0.00066627,0.00018228,7.329999999999999e-05,6.27e-05,0.0012687999999999998,0.0012652000000000002,0.00073979,0.00016404,6.929999999999999e-05,P32485,HOG1_YEAST
HOT1,MLSQSLTNDSPSNEISTDQLK,S153,MLSQSLTNDS(Phospho)PSNEISTDQLK,3.5499999999999996e-05,2.8600000000000004e-05,4.29e-05,4.71e-05,3.97e-05,2.9600000000000005e-05,6.21e-05,7.5e-05,6.670000000000001e-05,6.670000000000001e-05,5.7499999999999995e-05,4.91e-05,3.74e-05,3.8900000000000004e-05,4.3200000000000007e-05,3.71e-05,3.34e-05,5.02e-05,8.7e-05,4.66e-05,0.00010948,9.36e-05,4.3700000000000005e-05,5.3200000000000006e-05,4.8100000000000004e-05,6.54e-05,7.53e-05,6.75e-05,5.2300000000000004e-05,4.429999999999999e-05,0.0015803,0.00013708,0.0013539000000000001,0.0010252,8.2e-05,8.94e-05,Q03213,HOT1_YEAST
PBS2,TAQQPQQFAPSPSNKK,S248,TAQQPQQFAPS(Phospho)PSNKK,0.00014743,0.00017661,0.00049759,0.00035243,0.00018921,0.00013953,0.00022631,0.000226,0.00031120000000000003,0.00030366,0.00026496,0.00014224,0.000463,0.00034461,0.00044502,0.00025564,0.00028483,0.00039613,0.00048575,0.00051595,0.0004595,0.00044975,0.00035859,0.00037769999999999997,0.00035536,0.00060695,0.00055728,0.00055268,0.00058825,0.0004074,0.00031394,0.00040615,0.00027621,0.00030412,0.00031847,0.00030445,P08018,PBS2_YEAST
PBS2,SNPGSLINGVQSTSTSSSTEGPHDTVGTTPR,S269,S(Phospho)NPGSLINGVQSTSTSSSTEGPHDTVGTTPR,5.3700000000000004e-05,4.59e-05,0.00012429999999999999,0.00010884,7.46e-05,4.07e-05,4.47e-05,5.04e-05,6.17e-05,6.759999999999999e-05,6.39e-05,3.289999999999999e-05,4.14e-05,3.76e-05,8.340000000000001e-05,5.91e-05,3.37e-05,4.0799999999999996e-05,6.48e-05,8.6e-05,9.53e-05,9.620000000000001e-05,6.69e-05,5.9e-05,3.12e-05,4.52e-05,7.36e-05,6.409999999999999e-05,4.0799999999999996e-05,2.8100000000000002e-05,3.65e-05,4.01e-05,7.85e-05,0.00010344,7.44e-05,4.45e-05,P08018,PBS2_YEAST
PBS2,SASVGSNQSEQDKGSSQSPK,S68,SAS(Phospho)VGSNQSEQDKGSSQSPK,1.88e-05,1.86e-05,2.11e-05,1.47e-05,1.99e-05,1.89e-05,0.00016944,0.00013213,0.00010317,0.00012451,0.00019441,0.00011067,1.3699999999999998e-05,9.44e-06,9.57e-06,1.05e-05,1.21e-05,1.2e-05,3.5799999999999996e-05,3.13e-05,3.0299999999999998e-05,2.99e-05,3.81e-05,2.6899999999999997e-05,8.01e-05,7.49e-05,7.190000000000001e-05,6.87e-05,9.01e-05,5.68e-05,1.36e-05,1.76e-05,1.52e-05,1.34e-05,1.73e-05,1.6100000000000002e-05,P08018,PBS2_YEAST
PTP2,DLIHYSPNSLQK,S258,DLIHYS(Phospho)PNSLQK,7.56e-05,6.55e-05,9.559999999999999e-05,9.620000000000001e-05,7.340000000000001e-05,7.43e-05,6.63e-05,5.94e-05,4.74e-05,4.61e-05,5.9499999999999996e-05,5.379999999999999e-05,0.00010299,9.05e-05,7.85e-05,7.92e-05,7.809999999999999e-05,0.00011571,0.00017389,0.00018858,0.00014274,0.00015538,0.00012988,0.00016635,7.72e-05,0.00012117,8.7e-05,7.390000000000001e-05,7.900000000000001e-05,8.329999999999999e-05,7.15e-05,8.73e-05,7.54e-05,7.85e-05,8.57e-05,0.00010706,P29461,PTP2_YEAST
RCK2,TRSSGTNNKDVSQITSSPK,S32+S33,TRS(Phospho)SGTNNKDVSQITSSPK,1.74e-05,5.520000000000001e-05,0.00028865,0.00021237,8.44e-05,1.6800000000000002e-05,2.98e-05,4.09e-05,0.00022558,0.00023553,9.46e-05,3.43e-05,7.15e-06,3.3600000000000004e-05,0.00015018,0.00011489,2.9199999999999998e-05,2.55e-05,2.6899999999999997e-05,7.290000000000001e-05,0.00022883,0.00024996,0.00013543,7.37e-05,2.12e-05,5.4000000000000005e-05,0.00014847,0.00012639,5.8299999999999994e-05,2.84e-05,1.89e-05,4.210000000000001e-05,7.2e-05,7.170000000000001e-05,4.4200000000000004e-05,2.9999999999999997e-05,P38623,RCK2_YEAST
RCK2,SSGTNNKDVSQITSSPK,S33+T35+T44+S46,SS(Phospho)GTNNKDVSQITSSPK,7.3e-05,0.00016275,0.00076716,0.00060866,0.00022006,7.65e-05,0.00010425,0.00017292,0.00034568,0.00041885,0.00021776,8.31e-05,8.379999999999999e-05,0.00011525,0.00031224,0.00027139,0.00012839,9.48e-05,6.99e-05,0.00011281,0.00026383,0.00025332,0.00013680000000000002,8.09e-05,8.49e-05,0.00015055,0.00033178,0.00026006,0.00014954,8.26e-05,0.00013855,0.00018054,0.00025415,0.00024391,0.00018561,0.00012190000000000001,P38623,RCK2_YEAST
RCK2,DVSQITSSPK,T44+S46,DVSQIT(Phospho)SSPK,0.00012514,9.42e-05,4.83e-05,6.92e-05,7.45e-05,0.00010924,7.140000000000001e-05,6.02e-05,2.6600000000000003e-05,2.8699999999999996e-05,5.42e-05,5.79e-05,0.00010827,9.86e-05,3.98e-05,4.73e-05,0.00015496,0.00014777,8.14e-05,8.379999999999999e-05,3.4200000000000005e-05,4.07e-05,4.07e-05,5.9499999999999996e-05,9.990000000000002e-05,0.00016588,6.330000000000001e-05,6.43e-05,0.00010270000000000002,0.00011123,0.00021319999999999998,0.00020406,9.8e-05,0.00010740000000000001,0.00027712,0.00021893,P38623,RCK2_YEAST
RCK2,DSSLLFSPAAVAMR,S515+S520,DS(Phospho)SLLFSPAAVAMR,,9.25e-05,0.00014121,9.49e-05,3.9899999999999994e-05,2.6600000000000003e-05,,8.77e-05,6.500000000000001e-05,5.99e-05,2.3199999999999998e-05,2.22e-05,9.29e-06,0.00015211,0.00014963,0.00014653,6.19e-05,4.96e-05,3.85e-05,0.00028583,0.00021237,0.00021492,9.429999999999999e-05,5.3200000000000006e-05,1.09e-05,0.00016994,0.00013829,0.00014099,6.56e-05,3.3600000000000004e-05,,2.1600000000000003e-05,7.97e-05,5.9499999999999996e-05,2.97e-05,1.4099999999999999e-05,P38623,RCK2_YEAST
RCK2,NSSNEFLTK,S187,NSS(Phospho)NEFLTK,0.00022797,0.00025989,0.0005367000000000001,0.00066416,0.00054055,0.00046233,0.00044443,0.00040596,0.00042833,0.00058337,0.00069049,0.00054525,0.0001816,0.00014427,0.00032032,0.00040649,0.0003568,0.00036447,0.00035068,0.00040634,0.00050948,0.00060972,0.00042882,0.00041045,0.00021007,0.00033857,0.00045479,0.00043522,0.00043386,0.00045841,0.00036951,0.00052248,0.00058321,0.00055892,0.00070916,0.00084353,P38623,RCK2_YEAST
RCK2,DVSQITSSPKK,S45,DVSQITS(Phospho)SPKK,6.32e-05,3.54e-05,1.4099999999999999e-05,1.8e-05,2.9100000000000003e-05,1.22e-05,0.00010597,7.41e-05,3.3e-05,3.73e-05,7.62e-05,9.790000000000001e-05,0.00019877,0.00016736,7.670000000000001e-05,8.640000000000001e-05,0.00017250000000000002,0.00027763,0.000122,0.00012119999999999999,4.92e-05,6.99e-05,7.3e-05,0.00010831,0.00019644,0.00026594,0.00010388,0.00011893,0.00019516,0.00019955,0.00021532,0.0001972,9.27e-05,0.00011601,0.00029996,0.00024687,P38623,RCK2_YEAST
RCK2,DVSQITSSPKKSFQDK,S45+S50^S46,DVSQITS(Phospho)S(Phospho)PKKSFQDK,1.4300000000000002e-05,4.74e-05,0.00012816,7.97e-05,5.04e-05,2.8100000000000002e-05,1.28e-05,4.48e-05,0.00011065,7.509999999999998e-05,4.3e-05,2.78e-05,1.11e-05,4.2e-05,9.23e-05,7.020000000000001e-05,3.53e-05,3.15e-05,5.8099999999999996e-05,0.00016659999999999998,0.00032023,0.00033066,0.00016245,9.4e-05,1.3300000000000001e-05,5.59e-05,0.00014226,9.36e-05,5.479999999999999e-05,2.94e-05,9.14e-06,2.62e-05,6.43e-05,8.79e-05,6.21e-05,2.62e-05,P38623,RCK2_YEAST
SIC1,NWNNNSPK,S191,NWNNNS(Phospho)PK,0.0002677,0.00022930000000000002,0.00031209,0.00037162,0.00030575,0.00029648,0.00025083,0.00022281,0.00028217,0.00033607,0.0002741,0.00027472,0.00018334,0.00019684,0.00016248,0.00019385,0.00014748,0.00018766,0.00019311,0.00021706,0.00030467,0.00035501,0.00025431,0.000283,0.00020376,0.00023401,0.00029543,0.00033358,0.00028729,0.00030457,0.00023037,0.00027638,0.00027233,0.00028,0.00036973,0.0003585,P38634,SIC1_YEAST
SIC1,SQESEDEEDIIINPVR,S201,SQES(Phospho)EDEEDIIINPVR,0.00066276,0.00056671,0.00083056,0.00072412,0.00062292,0.0005938,0.00070515,0.00083692,0.00045889999999999993,0.0005229,0.00063469,0.00066671,0.0003972,0.00035872,0.00024808,0.00024691,0.00021786,0.00035432,0.00062081,0.00069822,0.00062102,0.00066607,0.0005343,0.00063112,0.00064004,0.00083185,0.00048713,0.00050992,0.00043065,0.00050704,0.00049253,0.00059439,0.00041369999999999997,0.00048539,0.00044648,0.00041377,P38634,SIC1_YEAST
SIC1,IIKDVPGTPSDK,T173,IIKDVPGT(Phospho)PSDK,1.3300000000000001e-05,2.9199999999999998e-05,6.77e-05,5.3e-05,2.0399999999999998e-05,1.3800000000000002e-05,1.17e-05,1.88e-05,2.18e-05,1.6100000000000002e-05,1.1599999999999999e-05,7.15e-06,5.21e-05,8.57e-05,7.6e-05,7.59e-05,6.92e-05,6.91e-05,3.8e-05,7.829999999999999e-05,6.7e-05,5.16e-05,4.51e-05,3.47e-05,6.05e-05,0.0001672,9.87e-05,7.64e-05,6.91e-05,6.94e-05,0.00010844,0.00015918,0.00015047,0.00013212,0.00016105,0.00016486,P38634,SIC1_YEAST
SKO1,KDSPSFLPGQQRPTIISPPILTPGGSK,S94^S108^T113,KDS(Phospho)PSFLPGQQRPTIIS(Phospho)PPILT(Phospho)PGGSK,2.4100000000000003e-05,7.59e-05,0.00014971,0.00010969,7.659999999999999e-05,4.8200000000000006e-05,4.34e-05,0.00013467,0.00013864,0.00012451,0.00010096,5.9699999999999994e-05,3.229999999999999e-05,5.68e-05,7.219999999999999e-05,6.34e-05,3.9200000000000004e-05,3.4399999999999996e-05,4.03e-05,9.609999999999999e-05,0.00011379999999999999,0.0001413,0.00010551,5.9e-05,2.2100000000000002e-05,5.2000000000000004e-05,0.00010493,9.609999999999999e-05,7.49e-05,3.6e-05,0.00032412,0.0015983,0.0002665,0.0017965,0.0012049,0.00092666,Q02100,SKO1_YEAST
SKO1,SGLTPNESNIR,T215,SGLT(Phospho)PNESNIR,8.78e-06,7.7e-05,0.00017256,0.00014178,5.94e-05,1.64e-05,1.0199999999999999e-05,5.25e-05,9.1e-05,8.31e-05,4.48e-05,8.88e-06,1.6e-05,0.0001013,0.00016484,0.00015564,8.63e-05,3.0299999999999998e-05,1.4400000000000001e-05,0.00011518,0.00015109,0.00013067,8.2e-05,2.22e-05,1.1e-05,0.00010522,0.00016473,0.00013440000000000001,8.06e-05,1.1400000000000001e-05,9.33e-06,6.759999999999999e-05,0.00012124,0.00010138,4.3700000000000005e-05,1.4599999999999999e-05,Q02100,SKO1_YEAST
SLN1,APGSDDEEGGNLGRPIENPK,S833,APGS(Phospho)DDEEGGNLGRPIENPK,0.00053735,0.00049649,0.00057935,0.000539,0.00045416,0.00048928,0.00058908,0.00060076,0.00041974,0.00043274,0.00049606,0.00045528,0.00045858,0.00045758,0.00041870000000000004,0.00038682,0.000357,0.00052685,0.00051765,0.00054305,0.00044258,0.00046987,0.00039722,0.00050363,0.00047913,0.00061422,0.00049605,0.0004257,0.00040129,0.00042741,0.00048349,0.00051874,0.00047835,0.00047094,0.00056777,0.00061173,P39928,SLN1_YEAST
SSK1,SSVSPTAGSFGLSK,S110,SSVS(Phospho)PTAGSFGLSK,3.5499999999999996e-05,3.3799999999999995e-05,5.3e-05,4.59e-05,3.37e-05,4.39e-05,4.02e-05,3.59e-05,5.28e-05,4.48e-05,3.64e-05,4.94e-05,5.920000000000001e-05,4.429999999999999e-05,5.22e-05,4.0600000000000004e-05,4.74e-05,7.15e-05,8.58e-05,9.449999999999999e-05,6.8e-05,7.7e-05,7.140000000000001e-05,8.28e-05,7.75e-05,8.32e-05,6.43e-05,7.48e-05,7.32e-05,8.170000000000001e-05,5.6999999999999996e-05,5.5e-05,5.5100000000000004e-05,6.929999999999999e-05,7.75e-05,7.87e-05,Q07084,SSK1_YEAST
SSK1,FASVSPYPK,S193^S195,FAS(Phospho)VS(Phospho)PYPK,5.6200000000000004e-05,6.0899999999999996e-05,0.00013614,0.00014869,0.00013525,7.37e-05,7.09e-05,0.00010796,0.00014561,0.00019254,0.00022479,0.00010604,6.1e-05,8.68e-05,0.0001337,0.00018442,0.00019281,9.36e-05,4.8599999999999995e-05,6.0299999999999995e-05,0.00011881,0.00017426,0.00015284,7.809999999999999e-05,2.98e-05,4.04e-05,9.4e-05,8.120000000000001e-05,7.6e-05,4.8e-05,2.2100000000000002e-05,2.23e-05,6.709999999999999e-05,9.25e-05,9.51e-05,5.05e-05,Q07084,SSK1_YEAST
SSK1,GKDGNSSPQEFK,S351,GKDGNSS(Phospho)PQEFK,0.00010828,0.00010712,0.00014595,0.00014176,0.00010609,0.00013532,9.109999999999999e-05,0.0001006,8.94e-05,9.48e-05,0.00011118,0.00010913,9.4e-05,9.429999999999999e-05,0.00011221,9.51e-05,0.00011428,0.00012984,0.00011283,8.51e-05,0.00013802,0.000166,0.0001612,0.0001796,6.68e-05,9.68e-05,9.209999999999999e-05,8.31e-05,8.66e-05,9.41e-05,8.52e-05,9.990000000000002e-05,9.109999999999999e-05,9.87e-05,0.00012350000000000002,0.00011935,Q07084,SSK1_YEAST
SSK1,SPQKPIAPSNPHSFK,S673,S(Phospho)PQKPIAPSNPHSFK,0.00017249,0.00022409,0.00022226,0.00020194,0.00016611,0.00012604,2.62e-05,2.18e-05,2.4100000000000003e-05,1.9699999999999998e-05,1.82e-05,2e-05,2.6600000000000003e-05,2.9299999999999997e-05,2.8000000000000003e-05,2.2899999999999998e-05,2.18e-05,2.33e-05,2.71e-05,3.86e-05,3.289999999999999e-05,2.7000000000000002e-05,2.64e-05,2.7300000000000003e-05,2.8100000000000002e-05,5.73e-05,4.28e-05,3.5100000000000006e-05,3.570000000000001e-05,3.53e-05,4.13e-05,4.09e-05,3.18e-05,3.86e-05,5.21e-05,4.429999999999999e-05,Q07084,SSK1_YEAST
SSK2,VASSPISPGLHSTQYFR,S53+S54^S57,VAS(Phospho)SPIS(Phospho)PGLHSTQYFR,0.00012247,0.00028876,0.00035543,0.00029087,0.00022477,0.00016301,0.00023147,0.00058952,0.00034174,0.00033576,0.00034930000000000003,0.00020717,0.00011339,0.00019868,0.00016136,0.00016305,0.00015031,0.00013614,0.00012581,0.00027705,0.0002718,0.00030721,0.00024182,0.00015534,0.00012193,0.00028202,0.00026035,0.00024598,0.00020048,0.00011611,0.00014695,0.00029146,0.00023847,0.00027095,0.00022844,0.00013329,P53599,SSK2_YEAST
STE11,RPLSAESNNIGDILLK,S326,RPLSAES(Phospho)NNIGDILLK,5.6000000000000006e-05,4.39e-05,6.36e-05,5.31e-05,3.76e-05,4.29e-05,4.0600000000000004e-05,4.48e-05,3.4899999999999995e-05,2.84e-05,2.52e-05,4.16e-05,8.35e-05,6.59e-05,5.489999999999999e-05,3.82e-05,3.2e-05,5.9699999999999994e-05,0.00013294,0.00012755,0.00010574,7.7e-05,5.41e-05,0.00011667,0.00018484,0.00023475,0.00016637,0.00011313,7.020000000000001e-05,0.00011842,0.00019897,0.00016662,0.00018896,0.00016795,0.00018571,0.00020948,P23561,STE11_YEAST
STE12,LVSPSDPTSYMK,S400,LVS(Phospho)PSDPTSYMK,0.00023453,0.00019324,0.00025212,0.00023974,0.00017483,0.00021731,0.00024959,0.00021025,0.0001789,0.00015479,0.00014969,0.00018630000000000003,0.00039203,0.00034754,0.00036084,0.00035031,0.00036081,0.00051885,0.00027096,0.00032736,0.00015857,0.00017096,0.0001426,0.00017817,0.00038407,0.00050066,0.00034867,0.00038287,0.00031774,0.00034144,8.669999999999999e-05,8.48e-05,0.00014408,0.00017666,0.00012138,0.00015289,P13574,STE12_YEAST
STE2,FYPGTLSSFQTDSINNDAK,S331,FYPGTLSSFQTDS(Phospho)INNDAK,0.00028789,0.00028104,0.00057338,0.00043369999999999997,0.00031011,0.00027393,0.00023431,0.00033984,0.00012094,0.00018012,0.00020995,0.00014932,0.00015408,0.00022129,9.39e-05,0.00012824,0.00014418,0.00010546,5.379999999999999e-05,7.31e-05,5.9999999999999995e-05,6.34e-05,6.2e-05,5.0600000000000003e-05,5.94e-05,0.00012837,4.44e-05,2.6899999999999997e-05,3.28e-05,3.27e-05,9.300000000000001e-05,9.1e-05,6.32e-05,7.3e-05,7.120000000000001e-05,9.4e-05,D6VTK4,STE2_YEAST
STE20,SKTSPIISTAHTPQQVAQSPK,T546+S547,SKT(Phospho)SPIISTAHTPQQVAQSPK,0.00011972,0.00015508,0.00031184,0.00033562,0.00014323,0.00010047,4.1899999999999995e-05,3.45e-05,2.4100000000000003e-05,4.6200000000000005e-05,7.730000000000001e-05,3.9399999999999995e-05,6.05e-05,1.51e-05,0.00022430000000000003,0.00014827,0.0001336,9.690000000000001e-05,0.0002011,0.00013873,0.00015334,0.0002987,0.00029688,0.00012770000000000001,0.00010553,0.00017628,2.08e-05,0.0002455,4.3e-05,2.7000000000000002e-05,0.0038965000000000002,0.00014782,0.0002292,0.0019822,0.0068888000000000005,0.0013342,Q03497,STE20_YEAST
STE20,HQQPVASSTVNSNKSSTDIRR,S192,HQQPVASSTVNS(Phospho)NKSSTDIRR,2.98e-05,3.52e-05,4.26e-05,1.82e-05,1.6800000000000002e-05,2.61e-05,2.4e-05,6.159999999999999e-05,5.3200000000000006e-05,3.28e-05,3.13e-05,3.21e-05,4.1200000000000005e-05,7.31e-05,7.99e-05,5.65e-05,4.68e-05,5.9499999999999996e-05,4.02e-05,5.1e-05,5.479999999999999e-05,3.91e-05,2.9999999999999997e-05,5.42e-05,1.58e-05,2.8699999999999996e-05,4.34e-05,2.99e-05,2.7699999999999996e-05,2.8600000000000004e-05,1.7899999999999998e-05,3.85e-05,3.5e-05,2.98e-05,2.09e-05,2.46e-05,Q03497,STE20_YEAST
STE20,HQQPVASSTVNSNKSSTDIR,S195,HQQPVASSTVNSNKS(Phospho)STDIR,4.57e-05,6.4e-05,0.00017536,0.00012888,5.539999999999999e-05,3.91e-05,4.3200000000000007e-05,7.94e-05,0.00016422,0.00012928,7.25e-05,4.05e-05,8.3e-05,0.00011298,0.00023119999999999998,0.00019825,9.89e-05,7.85e-05,7.46e-05,0.00010903,0.00021447,0.00022259,0.00013936,6.7e-05,8.1e-05,0.00017874,0.00025241,0.00015665,8.94e-05,6.12e-05,7.840000000000001e-05,0.00015744,0.0002233,0.00014948,8.88e-05,0.00010022,Q03497,STE20_YEAST
STE20,HQQPVASSTVNSNKSSTDIR,S196^T197,HQQPVASSTVNSNKSS(Phospho)T(Phospho)DIR,2.7000000000000002e-05,2.09e-05,3.52e-05,3.45e-05,2.8300000000000003e-05,1.99e-05,3.6e-05,3.74e-05,4.0799999999999996e-05,4.8e-05,4.96e-05,2.55e-05,2.84e-05,2.3800000000000003e-05,2.8499999999999998e-05,3.04e-05,2.9199999999999998e-05,2.65e-05,2.8300000000000003e-05,2.45e-05,3.4899999999999995e-05,3.8299999999999996e-05,3.2500000000000004e-05,2.75e-05,3.59e-05,4.13e-05,5.4600000000000006e-05,4.8899999999999996e-05,3.9500000000000005e-05,2.9100000000000003e-05,3.929999999999999e-05,3.9899999999999994e-05,5.68e-05,6.34e-05,7.049999999999999e-05,3.6e-05,Q03497,STE20_YEAST
STE20,TFNTTTGLPGSPQVSTPPANSFNK,S418,TFNTTTGLPGS(Phospho)PQVSTPPANSFNK,6.4e-05,6.57e-05,8.340000000000001e-05,5.9699999999999994e-05,5.22e-05,6.36e-05,7.049999999999999e-05,6.4e-05,7.94e-05,5.47e-05,5.22e-05,7.04e-05,9.65e-05,5.7100000000000006e-05,6.330000000000001e-05,3.46e-05,5.2600000000000005e-05,9.740000000000001e-05,5.19e-05,6.49e-05,4.92e-05,3.929999999999999e-05,3.3600000000000004e-05,4.98e-05,5.7600000000000004e-05,7.829999999999999e-05,5.6399999999999995e-05,4.51e-05,5.19e-05,6.29e-05,0.00029639,9.18e-05,0.00035796,2.22e-05,0.00081601,0.00061293,Q03497,STE20_YEAST
STE20,LSLTDSTETIENNATVK,T170^T172,LSLTDST(Phospho)ET(Phospho)IENNATVK,9.740000000000001e-05,0.00012758,0.00013474,9.76e-05,0.00010106,9.09e-05,0.00019065,0.00026787,0.00012425,0.00012304,0.00014849,0.00012853,8.89e-05,8.99e-05,5.920000000000001e-05,4.6700000000000003e-05,0.00012686,0.00011789,0.00011544,0.00013762,0.00011177,0.00012696,9.98e-05,0.00010460000000000001,7.77e-05,0.00010835,6.94e-05,6.4e-05,7.670000000000001e-05,6.96e-05,0.00011599,0.00013802,8.62e-05,8.590000000000001e-05,0.00011827,9.609999999999999e-05,Q03497,STE20_YEAST
STE20,RATPVSTPVISKPSMTTTPR,T203^T207,RAT(Phospho)PVST(Phospho)PVISKPSMTTTPR,2.7600000000000003e-05,4.94e-05,0.00016257,0.00013766,7.42e-05,2.65e-05,0.00010628,0.00016546,0.00023376,0.0002106,0.00013627,7.58e-05,0.00026625,0.00024651,0.00031307,0.00029214,0.00020188,0.00023916,0.00016533,0.00028788,0.00039016,0.00043043,0.00037474,0.00017741,0.00015286,0.00035934,0.00032425,0.00015832,6.6e-05,5.8200000000000005e-05,0.00012506,0.00029331,0.00026785,0.00016283,0.00011603,0.00010598,Q03497,STE20_YEAST
STE20,QTHAPTTPNR,T511,QTHAPT(Phospho)TPNR,1.22e-05,1.25e-05,2.14e-05,2.4299999999999998e-05,2.1899999999999997e-05,1.26e-05,1.06e-05,1.25e-05,1.7e-05,1.86e-05,1.4800000000000002e-05,8.36e-06,3.84e-06,4.04e-05,1.36e-05,2.11e-05,1.5399999999999998e-05,3.5499999999999996e-05,2.18e-05,7.7e-05,4.15e-05,3.75e-05,2.9100000000000003e-05,4.1899999999999995e-05,5.7600000000000004e-05,0.00015029,9.719999999999999e-05,7.04e-05,5.67e-05,5.47e-05,6.48e-05,0.00012357,0.00012694,6.95e-05,8.6e-05,7.68e-05,Q03497,STE20_YEAST
STE20,APAQETVTTPTSKPAQAR,T573,APAQETVTT(Phospho)PTSKPAQAR,4.35e-05,3.68e-05,5.21e-05,7.170000000000001e-05,5.03e-05,3.96e-05,4.6200000000000005e-05,3.5499999999999996e-05,7.390000000000001e-05,5.6000000000000006e-05,5.3299999999999995e-05,3.11e-05,0.00023395,0.00023414,0.00028868,0.00027146,0.00023711,0.00026448,6.37e-05,9.640000000000001e-05,7.77e-05,7.52e-05,4.85e-05,4.7499999999999996e-05,0.00018705,0.00037467,0.00032163,0.00025851,0.00023062,0.00017214,0.00012362,0.00019727,0.00021871,0.00018089,0.00017593,0.00015338,Q03497,STE20_YEAST
STE50,RESPVTVFR,S202,RES(Phospho)PVTVFR,7.53e-05,7.45e-05,0.00010766,0.00012469,9.25e-05,9.87e-05,4.5600000000000004e-05,4.45e-05,4.02e-05,4.5299999999999997e-05,5.22e-05,4.97e-06,0.00013419,0.00011233,0.00010641,0.00011386,0.00013906,0.00016963,0.00010647,0.00016126,9.429999999999999e-05,0.00011999,0.00011220000000000002,0.00012073,9.209999999999999e-05,0.00015505,0.00011611,0.00011158,0.00012548,0.00012232,0.00027578,0.00010499,0.00063424,0.00014749,0.00068158,0.0001889,P25344,STE50_YEAST
TEC1,SDDLKSPSAK,S86,SDDLKS(Phospho)PSAK,2.8999999999999997e-05,2.8000000000000003e-05,4.13e-05,2.58e-05,1.9699999999999998e-05,1.53e-05,2.8000000000000003e-05,2.47e-05,1.49e-05,1.8e-05,2.51e-05,1.59e-05,1.93e-05,1.8e-05,1.7199999999999998e-05,1.8e-05,1.1400000000000001e-05,2.13e-05,2.0399999999999998e-05,1.8e-05,2.08e-05,1.66e-05,1.0199999999999999e-05,1.7800000000000002e-05,2.25e-05,1.8e-05,2.8000000000000003e-05,1.4000000000000001e-05,7.84e-06,1.0800000000000002e-05,1.49e-05,1.92e-05,1.2e-05,8.99e-06,6.46e-06,1.4499999999999998e-05,P18412,TEC1_YEAST
